mode: count
haya-tab/main.go:15.13,21.16 3 0
haya-tab/main.go:21.16,26.3 2 0
haya-tab/main.go:27.2,51.16 4 0
haya-tab/main.go:51.16,53.3 1 0
haya-tab/pkg/errors/errors.go:17.35,18.20 1 2
haya-tab/pkg/errors/errors.go:18.20,20.3 1 1
haya-tab/pkg/errors/errors.go:21.2,21.20 1 1
haya-tab/pkg/errors/errors.go:25.35,27.2 1 1
haya-tab/pkg/errors/errors.go:30.64,32.2 1 1
haya-tab/pkg/errors/errors.go:51.101,59.2 1 14
haya-tab/pkg/errors/errors.go:64.60,71.2 1 2
haya-tab/pkg/errors/errors.go:74.58,81.2 1 1
haya-tab/pkg/errors/errors.go:84.54,91.2 1 1
haya-tab/pkg/errors/errors.go:94.61,101.2 1 1
haya-tab/pkg/errors/errors.go:104.60,111.2 1 1
haya-tab/pkg/errors/errors.go:114.59,121.2 1 1
haya-tab/pkg/errors/errors.go:124.60,131.2 1 1
haya-tab/pkg/errors/errors.go:134.70,141.2 1 1
haya-tab/pkg/errors/errors.go:144.61,151.2 1 1
haya-tab/pkg/errors/errors.go:154.56,161.2 1 1
haya-tab/pkg/errors/errors.go:164.63,171.2 1 1
haya-tab/pkg/errors/errors.go:174.86,175.39 1 2
haya-tab/pkg/errors/errors.go:175.39,177.3 1 1
haya-tab/pkg/errors/errors.go:178.2,183.3 1 1
haya-tab/pkg/metadata/initial.go:123.85,124.17 1 42
haya-tab/pkg/metadata/initial.go:124.17,126.3 1 1
haya-tab/pkg/metadata/initial.go:129.2,135.23 3 41
haya-tab/pkg/metadata/initial.go:136.24,137.41 1 9
haya-tab/pkg/metadata/initial.go:138.12,139.42 1 10
haya-tab/pkg/metadata/initial.go:140.42,141.39 1 10
haya-tab/pkg/metadata/initial.go:142.10,145.26 1 12
haya-tab/pkg/metadata/initial.go:145.26,147.4 1 1
haya-tab/pkg/metadata/initial.go:147.9,147.31 1 11
haya-tab/pkg/metadata/initial.go:147.31,149.4 1 0
haya-tab/pkg/metadata/initial.go:149.9,149.32 1 11
haya-tab/pkg/metadata/initial.go:149.32,151.4 1 1
haya-tab/pkg/metadata/initial.go:151.9,151.32 1 10
haya-tab/pkg/metadata/initial.go:151.32,153.4 1 9
haya-tab/pkg/metadata/initial.go:154.3,154.18 1 1
haya-tab/pkg/metadata/initial.go:159.70,163.55 3 20
haya-tab/pkg/metadata/initial.go:163.55,165.17 1 21
haya-tab/pkg/metadata/initial.go:165.17,167.4 1 10
haya-tab/pkg/metadata/initial.go:168.3,168.23 1 11
haya-tab/pkg/metadata/initial.go:171.2,172.55 2 20
haya-tab/pkg/metadata/initial.go:172.55,174.65 2 20
haya-tab/pkg/metadata/initial.go:174.65,176.4 1 17
haya-tab/pkg/metadata/initial.go:179.2,179.17 1 3
haya-tab/pkg/metadata/initial.go:183.71,186.16 2 16
haya-tab/pkg/metadata/initial.go:186.16,189.3 1 0
haya-tab/pkg/metadata/initial.go:191.2,192.22 2 16
haya-tab/pkg/metadata/initial.go:192.22,194.3 1 0
haya-tab/pkg/metadata/initial.go:197.2,199.29 3 16
haya-tab/pkg/metadata/initial.go:199.29,201.35 1 16
haya-tab/pkg/metadata/initial.go:201.35,202.12 1 0
haya-tab/pkg/metadata/initial.go:205.3,210.68 3 16
haya-tab/pkg/metadata/initial.go:210.68,212.9 2 11
haya-tab/pkg/metadata/initial.go:216.3,217.8 2 5
haya-tab/pkg/metadata/initial.go:220.2,220.19 1 16
haya-tab/pkg/metadata/initial.go:220.19,222.3 1 0
haya-tab/pkg/metadata/initial.go:225.2,226.28 2 16
haya-tab/pkg/metadata/initial.go:226.28,228.3 1 0
haya-tab/pkg/metadata/initial.go:230.2,233.23 2 16
haya-tab/pkg/metadata/initial.go:233.23,235.48 1 11
haya-tab/pkg/metadata/initial.go:235.48,237.4 1 11
haya-tab/pkg/metadata/initial.go:237.9,239.4 1 0
haya-tab/pkg/metadata/initial.go:242.3,242.42 1 11
haya-tab/pkg/metadata/initial.go:242.42,244.4 1 11
haya-tab/pkg/metadata/initial.go:244.9,246.4 1 0
haya-tab/pkg/metadata/initial.go:248.3,248.18 1 11
haya-tab/pkg/metadata/initial.go:253.2,253.24 1 5
haya-tab/pkg/metadata/initial.go:253.24,256.56 3 0
haya-tab/pkg/metadata/initial.go:256.56,258.4 1 0
haya-tab/pkg/metadata/initial.go:260.3,261.56 2 0
haya-tab/pkg/metadata/initial.go:261.56,263.66 2 0
haya-tab/pkg/metadata/initial.go:263.66,265.5 1 0
haya-tab/pkg/metadata/initial.go:270.2,270.24 1 5
haya-tab/pkg/metadata/initial.go:270.24,273.3 2 3
haya-tab/pkg/metadata/initial.go:276.2,276.17 1 2
haya-tab/pkg/metadata/initial.go:280.79,284.23 2 10
haya-tab/pkg/metadata/initial.go:284.23,286.48 1 5
haya-tab/pkg/metadata/initial.go:286.48,288.4 1 5
haya-tab/pkg/metadata/initial.go:288.9,290.4 1 0
haya-tab/pkg/metadata/initial.go:293.3,293.42 1 5
haya-tab/pkg/metadata/initial.go:293.42,295.4 1 5
haya-tab/pkg/metadata/initial.go:295.9,297.4 1 0
haya-tab/pkg/metadata/initial.go:299.3,299.18 1 5
haya-tab/pkg/metadata/initial.go:303.2,303.24 1 5
haya-tab/pkg/metadata/initial.go:303.24,306.3 2 2
haya-tab/pkg/metadata/initial.go:309.2,309.24 1 3
haya-tab/pkg/metadata/initial.go:309.24,312.56 3 2
haya-tab/pkg/metadata/initial.go:312.56,314.4 1 0
haya-tab/pkg/metadata/initial.go:316.3,317.56 2 2
haya-tab/pkg/metadata/initial.go:317.56,319.66 2 2
haya-tab/pkg/metadata/initial.go:319.66,321.5 1 2
haya-tab/pkg/metadata/initial.go:325.2,325.17 1 1
haya-tab/pkg/metadata/initial.go:329.68,332.24 2 30
haya-tab/pkg/metadata/initial.go:332.24,335.3 2 27
haya-tab/pkg/metadata/initial.go:337.2,337.17 1 3
haya-tab/pkg/metadata/initial.go:341.26,344.2 1 114
haya-tab/pkg/metadata/initial.go:347.34,348.22 1 18
haya-tab/pkg/metadata/initial.go:348.22,349.16 1 70
haya-tab/pkg/metadata/initial.go:349.16,351.4 1 4
haya-tab/pkg/metadata/initial.go:353.2,353.14 1 14
haya-tab/pkg/metadata/initial.go:357.27,361.2 1 26
haya-tab/pkg/metadata/initial.go:364.27,366.2 1 79
haya-tab/pkg/metadata/metadata.go:51.46,62.81 6 10
haya-tab/pkg/metadata/metadata.go:62.81,68.3 4 1
haya-tab/pkg/metadata/metadata.go:71.2,72.79 2 9
haya-tab/pkg/metadata/metadata.go:72.79,74.3 1 1
haya-tab/pkg/metadata/metadata.go:77.2,79.21 2 9
haya-tab/pkg/metadata/metadata.go:79.21,84.3 3 1
haya-tab/pkg/metadata/metadata.go:84.8,84.28 1 8
haya-tab/pkg/metadata/metadata.go:84.28,88.3 2 5
haya-tab/pkg/metadata/metadata.go:88.8,91.3 1 3
haya-tab/pkg/metadata/metadata.go:93.2,93.10 1 9
haya-tab/pkg/metadata/metadata.go:97.37,99.32 1 14
haya-tab/pkg/metadata/metadata.go:99.32,102.27 3 8
haya-tab/pkg/metadata/metadata.go:102.27,104.21 2 18
haya-tab/pkg/metadata/metadata.go:104.21,106.5 1 18
haya-tab/pkg/metadata/metadata.go:108.3,108.16 1 8
haya-tab/pkg/metadata/metadata.go:112.2,112.34 1 6
haya-tab/pkg/metadata/metadata.go:112.34,115.27 3 1
haya-tab/pkg/metadata/metadata.go:115.27,117.21 2 2
haya-tab/pkg/metadata/metadata.go:117.21,119.5 1 2
haya-tab/pkg/metadata/metadata.go:121.3,121.16 1 1
haya-tab/pkg/metadata/metadata.go:125.2,125.34 1 5
haya-tab/pkg/metadata/metadata.go:125.34,128.27 3 1
haya-tab/pkg/metadata/metadata.go:128.27,130.21 2 2
haya-tab/pkg/metadata/metadata.go:130.21,132.5 1 2
haya-tab/pkg/metadata/metadata.go:134.3,134.16 1 1
haya-tab/pkg/metadata/metadata.go:138.2,138.30 1 4
haya-tab/pkg/metadata/metadata.go:138.30,141.27 3 0
haya-tab/pkg/metadata/metadata.go:141.27,143.21 2 0
haya-tab/pkg/metadata/metadata.go:143.21,145.5 1 0
haya-tab/pkg/metadata/metadata.go:147.3,147.16 1 0
haya-tab/pkg/metadata/metadata.go:150.2,150.20 1 4
haya-tab/pkg/metadata/metadata.go:154.46,155.72 1 16
haya-tab/pkg/metadata/metadata.go:155.72,157.3 1 5
haya-tab/pkg/metadata/metadata.go:158.2,158.14 1 11
haya-tab/pkg/metadata/metadata.go:164.47,169.2 1 2
haya-tab/pkg/metadata/metadata.go:172.40,184.34 3 14
haya-tab/pkg/metadata/metadata.go:184.34,185.74 1 252
haya-tab/pkg/metadata/metadata.go:185.74,187.4 1 4
haya-tab/pkg/metadata/metadata.go:191.2,193.15 2 14
haya-tab/pkg/metadata/metadata.go:198.79,200.19 1 0
haya-tab/pkg/metadata/metadata.go:200.19,202.3 1 0
haya-tab/pkg/metadata/metadata.go:203.2,203.16 1 0
haya-tab/pkg/metadata/metadata.go:203.16,205.3 1 0
haya-tab/pkg/metadata/metadata.go:207.2,208.16 2 0
haya-tab/pkg/metadata/metadata.go:208.16,210.3 1 0
haya-tab/pkg/metadata/metadata.go:213.2,213.21 1 0
haya-tab/pkg/metadata/metadata.go:213.21,216.3 2 0
haya-tab/pkg/metadata/metadata.go:218.2,218.12 1 0
haya-tab/pkg/metadata/metadata.go:221.81,223.17 2 0
haya-tab/pkg/metadata/metadata.go:223.17,226.3 2 0
haya-tab/pkg/metadata/metadata.go:226.8,229.3 2 0
haya-tab/pkg/metadata/metadata.go:231.2,235.16 4 0
haya-tab/pkg/metadata/metadata.go:235.16,237.3 1 0
haya-tab/pkg/metadata/metadata.go:239.2,243.16 4 0
haya-tab/pkg/metadata/metadata.go:243.16,245.3 1 0
haya-tab/pkg/metadata/metadata.go:246.2,248.38 2 0
haya-tab/pkg/metadata/metadata.go:248.38,250.3 1 0
haya-tab/pkg/metadata/metadata.go:252.2,253.67 2 0
haya-tab/pkg/metadata/metadata.go:253.67,255.3 1 0
haya-tab/pkg/metadata/metadata.go:257.2,257.57 1 0
haya-tab/pkg/metadata/metadata.go:257.57,259.3 1 0
haya-tab/pkg/metadata/metadata.go:261.2,267.16 4 0
haya-tab/pkg/metadata/metadata.go:267.16,269.3 1 0
haya-tab/pkg/metadata/metadata.go:270.2,273.16 3 0
haya-tab/pkg/metadata/metadata.go:273.16,275.3 1 0
haya-tab/pkg/metadata/metadata.go:276.2,280.47 3 0
haya-tab/pkg/metadata/metadata.go:280.47,282.3 1 0
haya-tab/pkg/metadata/metadata.go:284.2,285.16 2 0
haya-tab/pkg/metadata/metadata.go:285.16,287.3 1 0
haya-tab/pkg/metadata/metadata.go:288.2,291.12 3 0
haya-tab/pkg/metadata/musicbrainz.go:45.48,51.2 1 0
haya-tab/pkg/metadata/musicbrainz.go:55.84,56.22 1 0
haya-tab/pkg/metadata/musicbrainz.go:56.22,58.3 1 0
haya-tab/pkg/metadata/musicbrainz.go:62.2,66.16 4 0
haya-tab/pkg/metadata/musicbrainz.go:66.16,68.3 1 0
haya-tab/pkg/metadata/musicbrainz.go:71.2,75.16 4 0
haya-tab/pkg/metadata/musicbrainz.go:75.16,77.3 1 0
haya-tab/pkg/metadata/musicbrainz.go:78.2,80.103 2 0
haya-tab/pkg/metadata/musicbrainz.go:80.103,82.3 1 0
haya-tab/pkg/metadata/musicbrainz.go:84.2,84.38 1 0
haya-tab/pkg/metadata/musicbrainz.go:84.38,86.3 1 0
haya-tab/pkg/metadata/musicbrainz.go:88.2,89.67 2 0
haya-tab/pkg/metadata/musicbrainz.go:89.67,91.3 1 0
haya-tab/pkg/metadata/musicbrainz.go:93.2,93.30 1 0
haya-tab/pkg/metadata/musicbrainz.go:93.30,95.3 1 0
haya-tab/pkg/metadata/musicbrainz.go:98.2,98.40 1 0
haya-tab/pkg/metadata/musicbrainz.go:98.40,99.27 1 0
haya-tab/pkg/metadata/musicbrainz.go:99.27,101.50 1 0
haya-tab/pkg/metadata/musicbrainz.go:101.50,103.5 1 0
haya-tab/pkg/metadata/musicbrainz.go:108.2,108.40 1 0
haya-tab/pkg/metadata/musicbrainz.go:108.40,109.27 1 0
haya-tab/pkg/metadata/musicbrainz.go:109.27,111.4 1 0
haya-tab/pkg/metadata/musicbrainz.go:114.2,114.68 1 0
haya-tab/pkg/logger/logger.go:28.62,29.30 1 115
haya-tab/pkg/logger/logger.go:29.30,31.3 1 230
haya-tab/pkg/logger/logger.go:32.2,32.20 1 115
haya-tab/pkg/logger/logger.go:42.39,45.50 2 12
haya-tab/pkg/logger/logger.go:45.50,51.3 2 0
haya-tab/pkg/logger/logger.go:54.2,57.16 4 12
haya-tab/pkg/logger/logger.go:57.16,63.3 2 0
haya-tab/pkg/logger/logger.go:66.2,72.3 2 12
haya-tab/pkg/logger/logger.go:75.50,77.2 1 1
haya-tab/pkg/logger/logger.go:79.26,80.22 1 13
haya-tab/pkg/logger/logger.go:80.22,82.3 1 13
haya-tab/pkg/logger/logger.go:85.59,86.28 1 110
haya-tab/pkg/logger/logger.go:86.28,88.3 1 0
haya-tab/pkg/logger/logger.go:89.2,90.35 2 110
haya-tab/pkg/logger/logger.go:93.62,94.31 1 0
haya-tab/pkg/logger/logger.go:94.31,96.3 1 0
haya-tab/pkg/logger/logger.go:97.2,98.35 2 0
haya-tab/pkg/logger/logger.go:101.60,102.29 1 3
haya-tab/pkg/logger/logger.go:102.29,104.3 1 0
haya-tab/pkg/logger/logger.go:105.2,109.18 3 3
haya-tab/pkg/logger/logger.go:109.18,111.3 1 0
haya-tab/pkg/logger/logger.go:114.60,115.29 1 3
haya-tab/pkg/logger/logger.go:115.29,117.3 1 1
haya-tab/pkg/logger/logger.go:118.2,119.36 2 2
haya-tab/pkg/sync/fingerprint_cache.go:33.108,34.24 1 5
haya-tab/pkg/sync/fingerprint_cache.go:34.24,36.3 1 0
haya-tab/pkg/sync/fingerprint_cache.go:37.2,37.18 1 5
haya-tab/pkg/sync/fingerprint_cache.go:37.18,39.3 1 0
haya-tab/pkg/sync/fingerprint_cache.go:41.2,55.14 4 5
haya-tab/pkg/sync/fingerprint_cache.go:59.93,61.73 1 8
haya-tab/pkg/sync/fingerprint_cache.go:61.73,66.3 4 0
haya-tab/pkg/sync/fingerprint_cache.go:69.2,71.16 3 8
haya-tab/pkg/sync/fingerprint_cache.go:71.16,73.3 1 0
haya-tab/pkg/sync/fingerprint_cache.go:76.2,78.20 2 8
haya-tab/pkg/sync/fingerprint_cache.go:82.106,84.32 1 13
haya-tab/pkg/sync/fingerprint_cache.go:84.32,86.3 1 5
haya-tab/pkg/sync/fingerprint_cache.go:87.2,87.39 1 13
haya-tab/pkg/sync/fingerprint_cache.go:87.39,89.3 1 5
haya-tab/pkg/sync/fingerprint_cache.go:92.2,98.13 2 13
haya-tab/pkg/sync/fingerprint_cache.go:98.13,100.3 1 5
haya-tab/pkg/sync/fingerprint_cache.go:103.2,103.19 1 13
haya-tab/pkg/sync/fingerprint_cache.go:107.44,109.34 2 13
haya-tab/pkg/sync/fingerprint_cache.go:109.34,111.3 1 13
haya-tab/pkg/sync/fingerprint_cache.go:113.2,113.31 1 13
haya-tab/pkg/sync/fingerprint_cache.go:113.31,115.3 1 12
haya-tab/pkg/sync/fingerprint_cache.go:118.2,122.43 4 1
haya-tab/pkg/sync/fingerprint_cache.go:122.43,123.42 1 1
haya-tab/pkg/sync/fingerprint_cache.go:123.42,125.82 1 3
haya-tab/pkg/sync/fingerprint_cache.go:125.82,126.13 1 0
haya-tab/pkg/sync/fingerprint_cache.go:129.4,129.67 1 3
haya-tab/pkg/sync/fingerprint_cache.go:129.67,133.5 3 1
haya-tab/pkg/sync/fingerprint_cache.go:138.2,138.26 1 1
haya-tab/pkg/sync/fingerprint_cache.go:138.26,140.38 2 1
haya-tab/pkg/sync/fingerprint_cache.go:140.38,142.4 1 0
haya-tab/pkg/sync/fingerprint_cache.go:147.83,153.39 4 2
haya-tab/pkg/sync/fingerprint_cache.go:153.39,155.3 1 0
haya-tab/pkg/sync/fingerprint_cache.go:158.2,159.16 2 2
haya-tab/pkg/sync/fingerprint_cache.go:159.16,161.3 1 0
haya-tab/pkg/sync/fingerprint_cache.go:164.2,165.33 2 2
haya-tab/pkg/sync/fingerprint_cache.go:165.33,166.42 1 0
haya-tab/pkg/sync/fingerprint_cache.go:166.42,169.9 3 0
haya-tab/pkg/sync/fingerprint_cache.go:173.2,173.17 1 2
haya-tab/pkg/sync/fingerprint_cache.go:173.17,175.3 1 2
haya-tab/pkg/sync/fingerprint_cache.go:178.2,180.12 2 2
haya-tab/pkg/sync/fingerprint_cache.go:184.78,190.39 4 1
haya-tab/pkg/sync/fingerprint_cache.go:190.39,192.3 1 1
haya-tab/pkg/sync/fingerprint_cache.go:193.2,197.16 3 1
haya-tab/pkg/sync/fingerprint_cache.go:197.16,199.3 1 0
haya-tab/pkg/sync/fingerprint_cache.go:202.2,203.33 2 1
haya-tab/pkg/sync/fingerprint_cache.go:203.33,204.37 1 1
haya-tab/pkg/sync/fingerprint_cache.go:204.37,206.4 1 0
haya-tab/pkg/sync/fingerprint_cache.go:208.2,213.12 3 1
haya-tab/pkg/sync/fingerprint_cache.go:217.92,221.29 3 1
haya-tab/pkg/sync/fingerprint_cache.go:221.29,222.40 1 2
haya-tab/pkg/sync/fingerprint_cache.go:222.40,224.4 1 0
haya-tab/pkg/sync/fingerprint_cache.go:228.2,229.29 2 1
haya-tab/pkg/sync/fingerprint_cache.go:229.29,232.3 2 2
haya-tab/pkg/sync/fingerprint_cache.go:235.2,235.47 1 1
haya-tab/pkg/sync/fingerprint_cache.go:235.47,238.17 2 2
haya-tab/pkg/sync/fingerprint_cache.go:238.17,240.4 1 0
haya-tab/pkg/sync/fingerprint_cache.go:243.3,244.37 2 2
haya-tab/pkg/sync/fingerprint_cache.go:244.37,246.4 1 0
haya-tab/pkg/sync/fingerprint_cache.go:249.3,249.33 1 2
haya-tab/pkg/sync/fingerprint_cache.go:249.33,250.63 1 2
haya-tab/pkg/sync/fingerprint_cache.go:250.63,252.5 1 0
haya-tab/pkg/sync/fingerprint_cache.go:252.10,255.5 2 2
haya-tab/pkg/sync/fingerprint_cache.go:259.3,259.51 1 2
haya-tab/pkg/sync/fingerprint_cache.go:262.2,262.12 1 1
haya-tab/pkg/sync/fingerprint_cache.go:267.42,270.30 2 8
haya-tab/pkg/sync/fingerprint_cache.go:270.30,273.3 2 3
haya-tab/pkg/sync/fingerprint_cache.go:276.2,285.48 4 5
haya-tab/pkg/sync/fingerprint_cache.go:285.48,287.44 2 1
haya-tab/pkg/sync/fingerprint_cache.go:287.44,289.4 1 1
haya-tab/pkg/sync/fingerprint_cache.go:292.2,292.50 1 5
haya-tab/pkg/sync/fingerprint_cache.go:292.50,293.34 1 5
haya-tab/pkg/sync/fingerprint_cache.go:293.34,295.75 1 5
haya-tab/pkg/sync/fingerprint_cache.go:295.75,296.13 1 0
haya-tab/pkg/sync/fingerprint_cache.go:300.4,314.6 5 5
haya-tab/pkg/sync/fingerprint_cache.go:319.2,326.36 5 5
haya-tab/pkg/sync/fingerprint_cache.go:326.36,331.40 2 5
haya-tab/pkg/sync/fingerprint_cache.go:331.40,334.48 2 5
haya-tab/pkg/sync/fingerprint_cache.go:334.48,336.5 1 4
haya-tab/pkg/sync/fingerprint_cache.go:339.4,340.48 2 5
haya-tab/pkg/sync/fingerprint_cache.go:340.48,342.5 1 1
haya-tab/pkg/sync/fingerprint_cache.go:345.4,345.50 1 5
haya-tab/pkg/sync/fingerprint_cache.go:345.50,346.63 1 1
haya-tab/pkg/sync/fingerprint_cache.go:346.63,347.14 1 1
haya-tab/pkg/sync/fingerprint_cache.go:349.5,349.48 1 0
haya-tab/pkg/sync/fingerprint_cache.go:349.48,351.6 1 0
haya-tab/pkg/sync/fingerprint_cache.go:356.3,356.92 1 5
haya-tab/pkg/sync/fingerprint_cache.go:356.92,359.4 2 5
haya-tab/pkg/sync/fingerprint_cache.go:359.9,365.90 3 0
haya-tab/pkg/sync/fingerprint_cache.go:365.90,367.5 1 0
haya-tab/pkg/sync/fingerprint_cache.go:368.4,368.17 1 0
haya-tab/pkg/sync/fingerprint_cache.go:373.2,373.22 1 5
haya-tab/pkg/sync/fingerprint_cache.go:373.22,377.51 2 0
haya-tab/pkg/sync/fingerprint_cache.go:377.51,378.38 1 0
haya-tab/pkg/sync/fingerprint_cache.go:378.38,379.35 1 0
haya-tab/pkg/sync/fingerprint_cache.go:379.35,381.6 1 0
haya-tab/pkg/sync/fingerprint_cache.go:382.5,382.42 1 0
haya-tab/pkg/sync/fingerprint_cache.go:382.42,384.6 1 0
haya-tab/pkg/sync/fingerprint_cache.go:387.3,387.16 1 0
haya-tab/pkg/sync/fingerprint_cache.go:390.2,390.22 1 5
haya-tab/pkg/sync/fingerprint_cache.go:390.22,392.3 1 0
haya-tab/pkg/sync/fingerprint_cache.go:394.2,394.16 1 5
haya-tab/pkg/sync/fingerprint_cache.go:398.62,405.34 5 5
haya-tab/pkg/sync/fingerprint_cache.go:405.34,407.3 1 5
haya-tab/pkg/sync/fingerprint_cache.go:409.2,409.41 1 5
haya-tab/pkg/sync/fingerprint_cache.go:409.41,411.3 1 4
haya-tab/pkg/sync/fingerprint_cache.go:413.2,415.21 3 5
haya-tab/pkg/sync/fingerprint_cache.go:415.21,417.3 1 5
haya-tab/pkg/sync/fingerprint_cache.go:419.2,426.3 1 5
haya-tab/pkg/sync/fingerprint_cache.go:430.48,436.6 4 5
haya-tab/pkg/sync/fingerprint_cache.go:436.6,437.10 1 7
haya-tab/pkg/sync/fingerprint_cache.go:438.19,439.36 1 2
haya-tab/pkg/sync/fingerprint_cache.go:439.36,441.5 1 1
haya-tab/pkg/sync/fingerprint_cache.go:442.21,444.36 1 5
haya-tab/pkg/sync/fingerprint_cache.go:444.36,446.5 1 2
haya-tab/pkg/sync/fingerprint_cache.go:447.4,447.10 1 5
haya-tab/pkg/sync/fingerprint_cache.go:453.42,457.2 3 5
haya-tab/pkg/sync/sync.go:66.16,76.2 1 16
haya-tab/pkg/sync/sync.go:93.53,96.34 3 7
haya-tab/pkg/sync/sync.go:96.34,98.3 1 1
haya-tab/pkg/sync/sync.go:100.2,109.16 7 6
haya-tab/pkg/sync/sync.go:109.16,110.28 1 6
haya-tab/pkg/sync/sync.go:110.28,113.4 2 2
haya-tab/pkg/sync/sync.go:116.2,116.42 1 6
haya-tab/pkg/sync/sync.go:116.42,118.83 2 6
haya-tab/pkg/sync/sync.go:118.83,119.18 1 17
haya-tab/pkg/sync/sync.go:119.18,122.5 2 0
haya-tab/pkg/sync/sync.go:123.4,123.20 1 17
haya-tab/pkg/sync/sync.go:123.20,125.5 1 7
haya-tab/pkg/sync/sync.go:128.4,129.36 2 10
haya-tab/pkg/sync/sync.go:129.36,131.5 1 3
haya-tab/pkg/sync/sync.go:133.4,142.27 3 7
haya-tab/pkg/sync/sync.go:142.27,144.5 1 0
haya-tab/pkg/sync/sync.go:147.4,150.36 2 7
haya-tab/pkg/sync/sync.go:150.36,151.21 1 2
haya-tab/pkg/sync/sync.go:152.17,154.16 2 1
haya-tab/pkg/sync/sync.go:155.22,161.51 3 1
haya-tab/pkg/sync/sync.go:161.51,166.7 4 1
haya-tab/pkg/sync/sync.go:166.12,168.7 1 0
haya-tab/pkg/sync/sync.go:169.6,169.16 1 1
haya-tab/pkg/sync/sync.go:174.4,174.49 1 5
haya-tab/pkg/sync/sync.go:174.49,179.5 4 5
haya-tab/pkg/sync/sync.go:179.10,181.5 1 0
haya-tab/pkg/sync/sync.go:183.4,183.14 1 5
haya-tab/pkg/sync/sync.go:185.3,185.17 1 6
haya-tab/pkg/sync/sync.go:185.17,187.4 1 0
haya-tab/pkg/sync/sync.go:190.2,203.68 4 6
haya-tab/pkg/sync/sync.go:207.58,209.16 2 11
haya-tab/pkg/sync/sync.go:209.16,212.3 2 0
haya-tab/pkg/sync/sync.go:213.2,232.30 6 11
haya-tab/pkg/sync/sync.go:232.30,236.3 2 0
haya-tab/pkg/sync/sync.go:238.2,238.12 1 11
haya-tab/pkg/sync/sync.go:261.54,262.62 1 8
haya-tab/pkg/sync/sync.go:262.62,264.3 1 2
haya-tab/pkg/sync/sync.go:266.2,270.31 4 6
haya-tab/pkg/sync/sync.go:270.31,272.3 1 0
haya-tab/pkg/sync/sync.go:273.2,285.66 3 6
haya-tab/pkg/sync/sync.go:285.66,286.18 1 0
haya-tab/pkg/sync/sync.go:286.18,289.43 3 0
haya-tab/pkg/sync/sync.go:289.43,292.6 2 0
haya-tab/pkg/sync/sync.go:294.5,299.87 4 0
haya-tab/pkg/sync/sync.go:299.87,304.6 1 0
haya-tab/pkg/sync/sync.go:305.10,307.5 1 0
haya-tab/pkg/sync/sync.go:313.100,317.6 3 4
haya-tab/pkg/sync/sync.go:317.6,318.33 1 5
haya-tab/pkg/sync/sync.go:318.33,320.4 1 4
haya-tab/pkg/sync/sync.go:321.3,325.21 3 1
haya-tab/pkg/sync/sync.go:325.21,327.4 1 0
haya-tab/pkg/sync/sync.go:332.61,333.13 1 22
haya-tab/pkg/sync/sync.go:334.82,335.14 1 16
haya-tab/pkg/sync/sync.go:336.10,337.15 1 6
haya-tab/pkg/sync/sync.go:342.54,343.13 1 17
haya-tab/pkg/sync/sync.go:344.14,345.15 1 8
haya-tab/pkg/sync/sync.go:346.74,347.14 1 8
haya-tab/pkg/sync/sync.go:348.10,349.19 1 1
haya-tab/pkg/sync/volume.go:71.53,75.2 2 7
haya-tab/pkg/sync/volume.go:78.48,80.2 1 1
haya-tab/pkg/sync/volume.go:83.61,86.2 2 20
haya-tab/pkg/sync/volume.go:89.57,91.2 1 1
haya-tab/pkg/sync/volume.go:94.131,100.49 4 0
haya-tab/pkg/sync/volume.go:100.49,102.3 1 0
haya-tab/pkg/sync/volume.go:105.2,116.62 2 0
haya-tab/pkg/sync/volume.go:116.62,118.3 1 0
haya-tab/pkg/sync/volume.go:121.2,121.35 1 0
haya-tab/pkg/sync/volume.go:121.35,126.62 2 0
haya-tab/pkg/sync/volume.go:126.62,128.4 1 0
haya-tab/pkg/sync/volume.go:132.2,140.8 1 0
haya-tab/pkg/sync/volume.go:144.93,146.43 1 0
haya-tab/pkg/sync/volume.go:146.43,148.3 1 0
haya-tab/pkg/sync/volume.go:151.2,152.16 2 0
haya-tab/pkg/sync/volume.go:152.16,154.3 1 0
haya-tab/pkg/sync/volume.go:157.2,164.35 5 0
haya-tab/pkg/sync/volume.go:164.35,166.26 2 0
haya-tab/pkg/sync/volume.go:166.26,169.17 3 0
haya-tab/pkg/sync/volume.go:169.17,169.26 1 0
haya-tab/pkg/sync/volume.go:171.4,172.18 2 0
haya-tab/pkg/sync/volume.go:172.18,175.5 1 0
haya-tab/pkg/sync/volume.go:177.4,179.15 3 0
haya-tab/pkg/sync/volume.go:183.2,194.8 2 0
haya-tab/pkg/sync/volume.go:199.105,215.41 4 0
haya-tab/pkg/sync/volume.go:215.41,218.3 2 0
haya-tab/pkg/sync/volume.go:221.2,222.49 2 0
haya-tab/pkg/sync/volume.go:222.49,224.3 1 0
haya-tab/pkg/sync/volume.go:227.2,227.35 1 0
haya-tab/pkg/sync/volume.go:227.35,232.26 2 0
haya-tab/pkg/sync/volume.go:232.26,234.4 1 0
haya-tab/pkg/sync/volume.go:236.3,236.13 1 0
haya-tab/pkg/sync/volume.go:236.13,238.64 1 0
haya-tab/pkg/sync/volume.go:238.64,240.5 1 0
haya-tab/pkg/sync/volume.go:242.4,242.63 1 0
haya-tab/pkg/sync/volume.go:242.63,244.5 1 0
haya-tab/pkg/sync/volume.go:245.9,246.63 1 0
haya-tab/pkg/sync/volume.go:246.63,248.5 1 0
haya-tab/pkg/sync/volume.go:252.2,252.12 1 0
haya-tab/pkg/sync/volume.go:256.66,260.16 3 0
haya-tab/pkg/sync/volume.go:260.16,262.3 1 0
haya-tab/pkg/sync/volume.go:265.2,265.46 1 0
haya-tab/pkg/sync/volume.go:269.72,273.2 3 0
haya-tab/pkg/sync/volume.go:278.92,283.16 3 0
haya-tab/pkg/sync/volume.go:283.16,285.3 1 0
haya-tab/pkg/sync/volume.go:288.2,288.35 1 0
haya-tab/pkg/sync/volume.go:288.35,290.17 2 0
haya-tab/pkg/sync/volume.go:290.17,292.4 1 0
haya-tab/pkg/sync/volume.go:296.2,296.27 1 0
haya-tab/pkg/sync/volume.go:296.27,297.31 1 0
haya-tab/pkg/sync/volume.go:297.31,299.18 2 0
haya-tab/pkg/sync/volume.go:299.18,301.13 2 0
haya-tab/pkg/sync/volume.go:303.4,303.30 1 0
haya-tab/pkg/sync/volume.go:307.2,307.21 1 0
haya-tab/pkg/sync/volume.go:312.105,314.43 1 0
haya-tab/pkg/sync/volume.go:314.43,316.3 1 0
haya-tab/pkg/sync/volume.go:319.2,320.16 2 0
haya-tab/pkg/sync/volume.go:320.16,322.3 1 0
haya-tab/pkg/sync/volume.go:325.2,333.8 1 0
haya-tab/pkg/sync/volume.go:338.126,341.16 2 0
haya-tab/pkg/sync/volume.go:341.16,343.3 1 0
haya-tab/pkg/sync/volume.go:345.2,347.27 2 0
haya-tab/pkg/sync/volume.go:347.27,354.58 5 0
haya-tab/pkg/sync/volume.go:354.58,356.4 1 0
haya-tab/pkg/sync/volume.go:358.3,358.29 1 0
haya-tab/pkg/sync/volume.go:362.2,372.48 2 0
haya-tab/pkg/sync/volume.go:372.48,374.3 1 0
haya-tab/pkg/sync/volume.go:376.2,376.24 1 0
haya-tab/pkg/sync/volume.go:380.92,386.16 3 0
haya-tab/pkg/sync/volume.go:386.16,388.3 1 0
haya-tab/pkg/sync/volume.go:391.2,392.33 2 0
haya-tab/pkg/sync/volume.go:392.33,393.42 1 0
haya-tab/pkg/sync/volume.go:393.42,397.9 3 0
haya-tab/pkg/sync/volume.go:402.2,402.17 1 0
haya-tab/pkg/sync/volume.go:402.17,404.3 1 0
haya-tab/pkg/sync/volume.go:407.2,407.53 1 0
haya-tab/pkg/sync/volume.go:411.89,417.16 3 0
haya-tab/pkg/sync/volume.go:417.16,419.3 1 0
haya-tab/pkg/sync/volume.go:422.2,423.33 2 0
haya-tab/pkg/sync/volume.go:423.33,424.37 1 0
haya-tab/pkg/sync/volume.go:424.37,426.4 1 0
haya-tab/pkg/sync/volume.go:428.2,431.53 2 0
haya-tab/pkg/sync/volume.go:435.86,440.16 3 1
haya-tab/pkg/sync/volume.go:440.16,442.3 1 0
haya-tab/pkg/sync/volume.go:443.2,447.16 3 1
haya-tab/pkg/sync/volume.go:447.16,449.3 1 0
haya-tab/pkg/sync/volume.go:452.2,458.55 3 1
haya-tab/pkg/sync/volume.go:458.55,460.3 1 0
haya-tab/pkg/sync/volume.go:462.2,462.31 1 1
haya-tab/pkg/sync/volume.go:466.94,472.16 4 0
haya-tab/pkg/sync/volume.go:472.16,474.3 1 0
haya-tab/pkg/sync/volume.go:477.2,489.16 4 0
haya-tab/pkg/sync/volume.go:489.16,491.3 1 0
haya-tab/pkg/sync/volume.go:494.2,495.16 2 0
haya-tab/pkg/sync/volume.go:495.16,497.3 1 0
haya-tab/pkg/sync/volume.go:498.2,501.48 2 0
haya-tab/pkg/sync/volume.go:501.48,504.3 2 0
haya-tab/pkg/sync/volume.go:505.2,509.16 3 0
haya-tab/pkg/sync/volume.go:509.16,511.3 1 0
haya-tab/pkg/sync/volume.go:512.2,514.83 2 0
haya-tab/pkg/sync/volume.go:514.83,516.3 1 0
haya-tab/pkg/sync/volume.go:518.2,518.12 1 0
haya-tab/pkg/sync/volume.go:522.90,527.16 3 13
haya-tab/pkg/sync/volume.go:527.16,529.3 1 0
haya-tab/pkg/sync/volume.go:530.2,534.16 3 13
haya-tab/pkg/sync/volume.go:534.16,536.3 1 0
haya-tab/pkg/sync/volume.go:539.2,539.20 1 13
haya-tab/pkg/sync/volume.go:539.20,545.56 3 1
haya-tab/pkg/sync/volume.go:545.56,547.4 1 0
haya-tab/pkg/sync/volume.go:548.3,551.9 1 1
haya-tab/pkg/sync/volume.go:555.2,556.54 2 12
haya-tab/pkg/sync/volume.go:556.54,558.3 1 0
haya-tab/pkg/sync/volume.go:560.2,560.21 1 12
haya-tab/pkg/sync/volume.go:564.96,571.20 4 5
haya-tab/pkg/sync/volume.go:571.20,574.17 2 0
haya-tab/pkg/sync/volume.go:574.17,579.4 1 0
haya-tab/pkg/sync/volume.go:581.3,589.36 3 0
haya-tab/pkg/sync/volume.go:590.8,593.3 1 5
haya-tab/pkg/sync/volume.go:595.2,595.16 1 5
haya-tab/pkg/sync/volume.go:595.16,597.3 1 0
haya-tab/pkg/sync/volume.go:600.2,601.16 2 5
haya-tab/pkg/sync/volume.go:601.16,603.3 1 0
haya-tab/pkg/sync/volume.go:604.2,607.48 2 5
haya-tab/pkg/sync/volume.go:607.48,610.3 2 0
haya-tab/pkg/sync/volume.go:611.2,615.16 3 5
haya-tab/pkg/sync/volume.go:615.16,617.3 1 0
haya-tab/pkg/sync/volume.go:618.2,620.83 2 5
haya-tab/pkg/sync/volume.go:620.83,622.3 1 5
haya-tab/pkg/sync/volume.go:624.2,624.12 1 0
haya-tab/pkg/sync/volume.go:628.96,632.16 3 0
haya-tab/pkg/sync/volume.go:632.16,634.3 1 0
haya-tab/pkg/sync/volume.go:635.2,638.16 3 0
haya-tab/pkg/sync/volume.go:638.16,640.3 1 0
haya-tab/pkg/sync/volume.go:642.2,643.62 2 0
haya-tab/pkg/sync/volume.go:643.62,645.3 1 0
haya-tab/pkg/sync/volume.go:648.2,649.49 2 0
haya-tab/pkg/sync/volume.go:649.49,651.3 1 0
haya-tab/pkg/sync/volume.go:654.2,666.44 3 0
haya-tab/pkg/sync/volume.go:666.44,669.3 2 0
haya-tab/pkg/sync/volume.go:672.2,672.35 1 0
haya-tab/pkg/sync/volume.go:672.35,679.13 2 0
haya-tab/pkg/sync/volume.go:679.13,681.64 1 0
haya-tab/pkg/sync/volume.go:681.64,683.5 1 0
haya-tab/pkg/sync/volume.go:685.4,685.29 1 0
haya-tab/pkg/sync/volume.go:685.29,686.64 1 0
haya-tab/pkg/sync/volume.go:686.64,688.6 1 0
haya-tab/pkg/sync/volume.go:690.9,691.63 1 0
haya-tab/pkg/sync/volume.go:691.63,693.5 1 0
haya-tab/pkg/sync/volume.go:698.2,698.58 1 0
haya-tab/pkg/sync/volume.go:698.58,701.3 1 0
haya-tab/pkg/sync/volume.go:704.2,704.29 1 0
haya-tab/pkg/sync/volume_cache.go:26.53,27.14 1 3
haya-tab/pkg/sync/volume_cache.go:27.14,29.3 1 0
haya-tab/pkg/sync/volume_cache.go:31.2,34.3 1 3
haya-tab/pkg/sync/volume_cache.go:39.86,44.13 4 2
haya-tab/pkg/sync/volume_cache.go:44.13,46.3 1 0
haya-tab/pkg/sync/volume_cache.go:49.2,49.41 1 2
haya-tab/pkg/sync/volume_cache.go:49.41,51.3 1 1
haya-tab/pkg/sync/volume_cache.go:53.2,53.43 1 1
haya-tab/pkg/sync/volume_cache.go:57.103,66.2 3 1
haya-tab/pkg/sync/volume_cache.go:70.52,75.38 3 3
haya-tab/pkg/sync/volume_cache.go:75.38,77.3 1 1
haya-tab/pkg/sync/volume_cache.go:79.2,82.35 3 2
haya-tab/pkg/sync/volume_cache.go:82.35,84.40 1 3
haya-tab/pkg/sync/volume_cache.go:84.40,86.4 1 3
haya-tab/pkg/sync/volume_cache.go:89.2,89.16 1 2
haya-tab/pkg/sync/volume_cache.go:93.103,100.30 5 1
haya-tab/pkg/sync/volume_cache.go:100.30,107.3 2 2
haya-tab/pkg/sync/volume_cache.go:109.2,109.20 1 1
haya-tab/pkg/sync/volume_cache.go:113.52,118.2 3 1
haya-tab/pkg/sync/volume_cache.go:121.31,127.2 4 1
haya-tab/pkg/sync/volume_cache.go:130.38,135.2 3 1
haya-tab/pkg/sync/volume_cache.go:138.57,148.2 3 1
haya-tab/pkg/sync/volume_sync.go:18.108,23.49 3 0
haya-tab/pkg/sync/volume_sync.go:23.49,25.3 1 0
haya-tab/pkg/sync/volume_sync.go:28.2,29.16 2 0
haya-tab/pkg/sync/volume_sync.go:29.16,32.3 2 0
haya-tab/pkg/sync/volume_sync.go:35.2,35.43 1 0
haya-tab/pkg/sync/volume_sync.go:35.43,38.25 2 0
haya-tab/pkg/sync/volume_sync.go:38.25,40.12 2 0
haya-tab/pkg/sync/volume_sync.go:44.3,48.45 3 0
haya-tab/pkg/sync/volume_sync.go:48.45,50.18 2 0
haya-tab/pkg/sync/volume_sync.go:50.18,52.13 2 0
haya-tab/pkg/sync/volume_sync.go:54.4,54.19 1 0
haya-tab/pkg/sync/volume_sync.go:54.19,56.5 1 0
haya-tab/pkg/sync/volume_sync.go:60.3,76.40 2 0
haya-tab/pkg/sync/volume_sync.go:76.40,78.12 2 0
haya-tab/pkg/sync/volume_sync.go:81.3,82.116 2 0
haya-tab/pkg/sync/volume_sync.go:85.2,85.38 1 0
haya-tab/pkg/sync/volume_sync.go:91.164,94.16 2 0
haya-tab/pkg/sync/volume_sync.go:94.16,96.3 1 0
haya-tab/pkg/sync/volume_sync.go:100.2,100.55 1 0
haya-tab/pkg/sync/volume_sync.go:100.55,102.3 1 0
haya-tab/pkg/sync/volume_sync.go:105.2,105.47 1 0
haya-tab/pkg/sync/volume_sync.go:105.47,108.17 3 0
haya-tab/pkg/sync/volume_sync.go:108.17,110.4 1 0
haya-tab/pkg/sync/volume_sync.go:110.9,113.4 2 0
haya-tab/pkg/sync/volume_sync.go:117.2,118.16 2 0
haya-tab/pkg/sync/volume_sync.go:118.16,120.3 1 0
haya-tab/pkg/sync/volume_sync.go:124.2,129.33 5 0
haya-tab/pkg/sync/volume_sync.go:129.33,131.45 1 0
haya-tab/pkg/sync/volume_sync.go:131.45,132.12 1 0
haya-tab/pkg/sync/volume_sync.go:135.3,136.23 2 0
haya-tab/pkg/sync/volume_sync.go:136.23,141.17 3 0
haya-tab/pkg/sync/volume_sync.go:141.17,141.26 1 0
haya-tab/pkg/sync/volume_sync.go:144.4,148.18 4 0
haya-tab/pkg/sync/volume_sync.go:148.18,151.5 2 0
haya-tab/pkg/sync/volume_sync.go:154.4,158.95 4 0
haya-tab/pkg/sync/volume_sync.go:163.2,169.48 4 0
haya-tab/pkg/sync/volume_sync.go:169.48,172.17 2 0
haya-tab/pkg/sync/volume_sync.go:172.17,174.12 2 0
haya-tab/pkg/sync/volume_sync.go:177.3,181.17 3 0
haya-tab/pkg/sync/volume_sync.go:181.17,183.12 2 0
haya-tab/pkg/sync/volume_sync.go:187.3,187.21 1 0
haya-tab/pkg/sync/volume_sync.go:187.21,190.18 3 0
haya-tab/pkg/sync/volume_sync.go:190.18,192.5 1 0
haya-tab/pkg/sync/volume_sync.go:192.10,195.5 2 0
haya-tab/pkg/sync/volume_sync.go:200.2,200.18 1 0
haya-tab/pkg/sync/volume_sync.go:200.18,203.3 2 0
haya-tab/pkg/sync/volume_sync.go:205.2,205.43 1 0
haya-tab/pkg/sync/volume_sync.go:209.29,211.16 2 0
haya-tab/pkg/sync/volume_sync.go:211.16,213.3 1 0
haya-tab/pkg/sync/volume_sync.go:214.2,214.17 1 0
haya-tab/pkg/sync/volume_sync.go:219.100,222.16 2 0
haya-tab/pkg/sync/volume_sync.go:222.16,224.3 1 0
haya-tab/pkg/sync/volume_sync.go:226.2,228.33 2 0
haya-tab/pkg/sync/volume_sync.go:228.33,231.17 2 0
haya-tab/pkg/sync/volume_sync.go:231.17,233.12 2 0
haya-tab/pkg/sync/volume_sync.go:236.3,236.21 1 0
haya-tab/pkg/sync/volume_sync.go:236.21,237.12 1 0
haya-tab/pkg/sync/volume_sync.go:241.3,242.17 2 0
haya-tab/pkg/sync/volume_sync.go:242.17,244.12 2 0
haya-tab/pkg/sync/volume_sync.go:248.3,249.44 2 0
haya-tab/pkg/sync/volume_sync.go:249.44,251.4 1 0
haya-tab/pkg/sync/volume_sync.go:254.3,255.28 2 0
haya-tab/pkg/sync/volume_sync.go:255.28,257.35 1 0
haya-tab/pkg/sync/volume_sync.go:257.35,258.13 1 0
haya-tab/pkg/sync/volume_sync.go:262.4,263.18 2 0
haya-tab/pkg/sync/volume_sync.go:263.18,266.5 2 0
haya-tab/pkg/sync/volume_sync.go:269.4,281.19 3 0
haya-tab/pkg/sync/volume_sync.go:285.3,285.24 1 0
haya-tab/pkg/sync/volume_sync.go:285.24,286.88 1 0
haya-tab/pkg/sync/volume_sync.go:286.88,288.13 2 0
haya-tab/pkg/sync/volume_sync.go:291.4,292.34 2 0
haya-tab/pkg/sync/volume_sync.go:296.2,296.27 1 0
haya-tab/pkg/sync/volume_sync.go:301.90,303.16 2 0
haya-tab/pkg/sync/volume_sync.go:303.16,305.3 1 0
haya-tab/pkg/sync/volume_sync.go:307.2,309.33 2 0
haya-tab/pkg/sync/volume_sync.go:309.33,315.72 3 0
haya-tab/pkg/sync/volume_sync.go:315.72,317.4 1 0
haya-tab/pkg/sync/volume_sync.go:320.2,320.23 1 0
haya-tab/pkg/sync/volume_sync.go:325.88,326.20 1 0
haya-tab/pkg/sync/volume_sync.go:326.20,329.3 1 0
haya-tab/pkg/sync/volume_sync.go:331.2,332.16 2 0
haya-tab/pkg/sync/volume_sync.go:332.16,334.3 1 0
haya-tab/pkg/sync/volume_sync.go:335.2,335.19 1 0
haya-tab/pkg/sync/volume_sync.go:335.19,337.3 1 0
haya-tab/pkg/sync/volume_sync.go:338.2,338.25 1 0
haya-tab/pkg/sync/volume_sync.go:338.25,340.3 1 0
haya-tab/pkg/sync/volume_sync.go:343.2,344.22 2 0
haya-tab/pkg/sync/volume_sync.go:348.72,354.21 3 0
haya-tab/pkg/sync/volume_sync.go:354.21,357.3 2 0
haya-tab/pkg/sync/volume_sync.go:357.8,360.3 2 0
haya-tab/pkg/sync/volume_sync.go:362.2,362.22 1 0
haya-tab/pkg/sync/volume_sync.go:366.26,368.2 1 0
haya-tab/pkg/sync/webdav.go:29.80,36.38 3 56
haya-tab/pkg/sync/webdav.go:36.38,38.3 1 48
haya-tab/pkg/sync/webdav.go:40.2,40.22 1 56
haya-tab/pkg/sync/webdav.go:40.22,44.10 2 56
haya-tab/pkg/sync/webdav.go:45.87,47.61 2 1
haya-tab/pkg/sync/webdav.go:48.40,50.54 2 1
haya-tab/pkg/sync/webdav.go:51.125,53.55 2 1
haya-tab/pkg/sync/webdav.go:54.79,56.49 2 1
haya-tab/pkg/sync/webdav.go:57.41,59.54 2 1
haya-tab/pkg/sync/webdav.go:60.84,62.56 2 1
haya-tab/pkg/sync/webdav.go:63.43,65.64 2 1
haya-tab/pkg/sync/webdav.go:66.47,68.54 2 1
haya-tab/pkg/sync/webdav.go:69.11,72.28 1 48
haya-tab/pkg/sync/webdav.go:72.28,74.5 1 47
haya-tab/pkg/sync/webdav.go:76.4,76.41 1 48
haya-tab/pkg/sync/webdav.go:76.41,78.5 1 48
haya-tab/pkg/sync/webdav.go:79.4,79.40 1 48
haya-tab/pkg/sync/webdav.go:79.40,81.5 1 48
haya-tab/pkg/sync/webdav.go:85.2,85.32 1 56
haya-tab/pkg/sync/webdav.go:102.70,129.2 12 19
haya-tab/pkg/sync/webdav.go:133.60,135.73 2 38
haya-tab/pkg/sync/webdav.go:135.73,137.3 1 38
haya-tab/pkg/sync/webdav.go:137.8,139.3 1 0
haya-tab/pkg/sync/webdav.go:141.2,151.22 8 38
haya-tab/pkg/sync/webdav.go:156.47,158.2 1 1
haya-tab/pkg/sync/webdav.go:162.58,165.22 2 0
haya-tab/pkg/sync/webdav.go:165.22,167.3 1 0
haya-tab/pkg/sync/webdav.go:169.2,173.16 3 0
haya-tab/pkg/sync/webdav.go:173.16,175.3 1 0
haya-tab/pkg/sync/webdav.go:178.2,178.69 1 0
haya-tab/pkg/sync/webdav.go:178.69,180.3 1 0
haya-tab/pkg/sync/webdav.go:183.2,187.29 3 0
haya-tab/pkg/sync/webdav.go:187.29,188.17 1 0
haya-tab/pkg/sync/webdav.go:188.17,189.12 1 0
haya-tab/pkg/sync/webdav.go:191.3,196.17 4 0
haya-tab/pkg/sync/webdav.go:196.17,198.69 1 0
haya-tab/pkg/sync/webdav.go:198.69,200.13 1 0
haya-tab/pkg/sync/webdav.go:202.4,202.73 1 0
haya-tab/pkg/sync/webdav.go:206.2,206.12 1 0
haya-tab/pkg/sync/webdav.go:211.45,214.41 1 9
haya-tab/pkg/sync/webdav.go:214.41,216.3 1 3
haya-tab/pkg/sync/webdav.go:217.2,217.19 1 6
haya-tab/pkg/sync/webdav.go:222.80,224.2 1 1
haya-tab/pkg/sync/webdav.go:226.89,227.16 1 1
haya-tab/pkg/sync/webdav.go:227.16,229.3 1 0
haya-tab/pkg/sync/webdav.go:231.2,233.15 2 1
haya-tab/pkg/sync/webdav.go:233.15,235.3 1 0
haya-tab/pkg/sync/webdav.go:238.2,239.16 2 1
haya-tab/pkg/sync/webdav.go:239.16,241.3 1 1
haya-tab/pkg/sync/webdav.go:243.2,243.29 1 0
haya-tab/pkg/sync/webdav.go:243.29,246.19 2 0
haya-tab/pkg/sync/webdav.go:246.19,248.44 1 0
haya-tab/pkg/sync/webdav.go:248.44,249.13 1 0
haya-tab/pkg/sync/webdav.go:252.4,253.18 2 0
haya-tab/pkg/sync/webdav.go:253.18,255.5 1 0
haya-tab/pkg/sync/webdav.go:256.9,258.161 2 0
haya-tab/pkg/sync/webdav.go:258.161,265.5 1 0
haya-tab/pkg/sync/webdav.go:269.2,269.19 1 0
haya-tab/pkg/sync/webdav.go:274.76,277.15 2 1
haya-tab/pkg/sync/webdav.go:277.15,279.3 1 0
haya-tab/pkg/sync/webdav.go:282.2,283.16 2 1
haya-tab/pkg/sync/webdav.go:283.16,285.3 1 1
haya-tab/pkg/sync/webdav.go:287.2,287.29 1 0
haya-tab/pkg/sync/webdav.go:287.29,288.19 1 0
haya-tab/pkg/sync/webdav.go:288.19,290.44 1 0
haya-tab/pkg/sync/webdav.go:290.44,291.13 1 0
haya-tab/pkg/sync/webdav.go:293.4,294.33 2 0
haya-tab/pkg/sync/webdav.go:298.2,298.18 1 0
haya-tab/pkg/sync/webdav.go:303.72,304.15 1 1
haya-tab/pkg/sync/webdav.go:304.15,306.3 1 0
haya-tab/pkg/sync/webdav.go:309.2,310.16 2 1
haya-tab/pkg/sync/webdav.go:310.16,312.3 1 1
haya-tab/pkg/sync/webdav.go:314.2,315.29 2 0
haya-tab/pkg/sync/webdav.go:315.29,322.169 4 0
haya-tab/pkg/sync/webdav.go:322.169,329.4 1 0
haya-tab/pkg/sync/webdav.go:332.2,332.19 1 0
haya-tab/pkg/sync/webdav.go:337.73,344.16 4 2
haya-tab/pkg/sync/webdav.go:344.16,347.3 2 1
haya-tab/pkg/sync/webdav.go:348.2,351.16 3 1
haya-tab/pkg/sync/webdav.go:351.16,353.3 1 0
haya-tab/pkg/sync/webdav.go:354.2,357.16 3 1
haya-tab/pkg/sync/webdav.go:357.16,359.3 1 0
haya-tab/pkg/sync/webdav.go:360.2,361.12 2 1
haya-tab/pkg/sync/webdav.go:366.70,368.16 2 2
haya-tab/pkg/sync/webdav.go:368.16,370.3 1 1
haya-tab/pkg/sync/webdav.go:371.2,382.56 5 1
haya-tab/pkg/sync/webdav.go:387.77,392.2 3 1
haya-tab/pkg/sync/webdav.go:396.76,400.2 2 1
haya-tab/pkg/sync/webdav.go:403.53,405.2 1 1
haya-tab/pkg/sync/webdav.go:408.40,410.2 1 1
haya-tab/pkg/sync/webdav.go:413.69,415.16 2 0
haya-tab/pkg/sync/webdav.go:415.16,417.3 1 0
haya-tab/pkg/sync/webdav.go:418.2,419.27 2 0
haya-tab/pkg/sync/webdav.go:423.73,426.42 3 0
haya-tab/pkg/sync/webdav.go:426.42,427.47 1 0
haya-tab/pkg/sync/webdav.go:427.47,429.4 1 0
haya-tab/pkg/sync/webdav.go:432.2,433.77 2 0
haya-tab/pkg/sync/webdav.go:433.77,435.3 1 0
haya-tab/pkg/sync/webdav.go:436.2,436.12 1 0
haya-tab/pkg/coverpool/coverpool.go:35.119,36.17 1 10
haya-tab/pkg/coverpool/coverpool.go:36.17,38.3 1 2
haya-tab/pkg/coverpool/coverpool.go:39.2,47.13 3 10
haya-tab/pkg/coverpool/coverpool.go:51.29,52.33 1 7
haya-tab/pkg/coverpool/coverpool.go:52.33,55.3 2 12
haya-tab/pkg/coverpool/coverpool.go:59.36,61.6 2 12
haya-tab/pkg/coverpool/coverpool.go:61.6,62.10 1 28
haya-tab/pkg/coverpool/coverpool.go:63.23,64.10 1 12
haya-tab/pkg/coverpool/coverpool.go:65.28,66.11 1 16
haya-tab/pkg/coverpool/coverpool.go:66.11,68.5 1 0
haya-tab/pkg/coverpool/coverpool.go:69.4,70.29 2 16
haya-tab/pkg/coverpool/coverpool.go:70.29,72.5 1 2
haya-tab/pkg/coverpool/coverpool.go:78.42,79.9 1 20
haya-tab/pkg/coverpool/coverpool.go:80.21,80.21 0 20
haya-tab/pkg/coverpool/coverpool.go:82.22,82.22 0 0
haya-tab/pkg/coverpool/coverpool.go:88.52,89.9 1 1
haya-tab/pkg/coverpool/coverpool.go:90.21,91.14 1 1
haya-tab/pkg/coverpool/coverpool.go:92.10,93.15 1 0
haya-tab/pkg/coverpool/coverpool.go:98.28,102.2 3 7
haya-tab/pkg/coverpool/coverpool.go:105.37,107.2 1 1
haya-tab/pkg/store/crypto.go:30.45,33.16 2 3
haya-tab/pkg/store/crypto.go:33.16,36.17 2 3
haya-tab/pkg/store/crypto.go:36.17,38.4 1 0
haya-tab/pkg/store/crypto.go:39.3,39.21 1 3
haya-tab/pkg/store/crypto.go:39.21,41.4 1 0
haya-tab/pkg/store/crypto.go:42.3,42.18 1 3
haya-tab/pkg/store/crypto.go:46.2,46.32 1 0
haya-tab/pkg/store/crypto.go:46.32,49.3 1 0
haya-tab/pkg/store/crypto.go:52.2,53.42 2 0
haya-tab/pkg/store/crypto.go:53.42,55.3 1 0
haya-tab/pkg/store/crypto.go:58.2,59.77 2 0
haya-tab/pkg/store/crypto.go:59.77,61.3 1 0
haya-tab/pkg/store/crypto.go:63.2,63.17 1 0
haya-tab/pkg/store/crypto.go:69.50,71.16 2 4
haya-tab/pkg/store/crypto.go:71.16,73.3 1 0
haya-tab/pkg/store/crypto.go:75.2,76.20 2 4
haya-tab/pkg/store/crypto.go:76.20,78.3 1 4
haya-tab/pkg/store/crypto.go:79.2,79.20 1 4
haya-tab/pkg/store/crypto.go:79.20,81.3 1 0
haya-tab/pkg/store/crypto.go:83.2,87.17 4 4
haya-tab/pkg/store/crypto.go:94.41,95.31 1 29
haya-tab/pkg/store/crypto.go:95.31,97.17 2 3
haya-tab/pkg/store/crypto.go:97.17,99.4 1 0
haya-tab/pkg/store/crypto.go:100.3,100.27 1 3
haya-tab/pkg/store/crypto.go:102.2,102.32 1 29
haya-tab/pkg/store/crypto.go:105.47,106.27 1 3
haya-tab/pkg/store/crypto.go:106.27,108.17 2 1
haya-tab/pkg/store/crypto.go:108.17,110.4 1 0
haya-tab/pkg/store/crypto.go:111.3,111.23 1 1
haya-tab/pkg/store/crypto.go:113.2,113.28 1 3
haya-tab/pkg/store/crypto.go:118.43,119.16 1 16
haya-tab/pkg/store/crypto.go:119.16,121.3 1 3
haya-tab/pkg/store/crypto.go:123.2,124.16 2 13
haya-tab/pkg/store/crypto.go:124.16,126.3 1 0
haya-tab/pkg/store/crypto.go:128.2,129.16 2 13
haya-tab/pkg/store/crypto.go:129.16,131.3 1 0
haya-tab/pkg/store/crypto.go:133.2,134.16 2 13
haya-tab/pkg/store/crypto.go:134.16,136.3 1 0
haya-tab/pkg/store/crypto.go:138.2,139.59 2 13
haya-tab/pkg/store/crypto.go:139.59,141.3 1 0
haya-tab/pkg/store/crypto.go:143.2,147.42 3 13
haya-tab/pkg/store/crypto.go:152.49,153.22 1 17
haya-tab/pkg/store/crypto.go:153.22,155.3 1 1
haya-tab/pkg/store/crypto.go:158.2,158.55 1 16
haya-tab/pkg/store/crypto.go:158.55,162.3 2 12
haya-tab/pkg/store/crypto.go:165.2,166.16 2 4
haya-tab/pkg/store/crypto.go:166.16,169.3 1 3
haya-tab/pkg/store/crypto.go:170.2,170.23 1 1
haya-tab/pkg/store/crypto.go:174.90,176.16 2 19
haya-tab/pkg/store/crypto.go:176.16,178.3 1 2
haya-tab/pkg/store/crypto.go:180.2,181.16 2 17
haya-tab/pkg/store/crypto.go:181.16,183.3 1 0
haya-tab/pkg/store/crypto.go:185.2,186.16 2 17
haya-tab/pkg/store/crypto.go:186.16,188.3 1 0
haya-tab/pkg/store/crypto.go:190.2,191.16 2 17
haya-tab/pkg/store/crypto.go:191.16,193.3 1 0
haya-tab/pkg/store/crypto.go:195.2,196.33 2 17
haya-tab/pkg/store/crypto.go:196.33,198.3 1 4
haya-tab/pkg/store/crypto.go:200.2,202.16 3 13
haya-tab/pkg/store/crypto.go:202.16,204.3 1 0
haya-tab/pkg/store/crypto.go:206.2,206.31 1 13
haya-tab/pkg/store/database.go:22.41,51.2 1 38
haya-tab/pkg/store/database.go:54.38,60.47 4 37
haya-tab/pkg/store/database.go:60.47,62.3 1 0
haya-tab/pkg/store/database.go:64.2,65.16 2 37
haya-tab/pkg/store/database.go:65.16,67.3 1 0
haya-tab/pkg/store/database.go:68.2,72.64 2 37
haya-tab/pkg/store/database.go:72.64,74.3 1 0
haya-tab/pkg/store/database.go:77.2,77.66 1 37
haya-tab/pkg/store/database.go:77.66,79.3 1 0
haya-tab/pkg/store/database.go:80.2,80.65 1 37
haya-tab/pkg/store/database.go:80.65,82.3 1 0
haya-tab/pkg/store/database.go:83.2,83.65 1 37
haya-tab/pkg/store/database.go:83.65,85.3 1 0
haya-tab/pkg/store/database.go:86.2,86.65 1 37
haya-tab/pkg/store/database.go:86.65,88.3 1 0
haya-tab/pkg/store/database.go:91.2,91.41 1 37
haya-tab/pkg/store/database.go:91.41,93.3 1 0
haya-tab/pkg/store/database.go:96.2,96.42 1 37
haya-tab/pkg/store/database.go:96.42,98.3 1 0
haya-tab/pkg/store/database.go:101.2,101.41 1 37
haya-tab/pkg/store/database.go:101.41,103.3 1 0
haya-tab/pkg/store/database.go:106.2,106.48 1 37
haya-tab/pkg/store/database.go:106.48,108.3 1 0
haya-tab/pkg/store/database.go:110.2,110.12 1 37
haya-tab/pkg/store/database.go:113.40,193.45 2 37
haya-tab/pkg/store/database.go:193.45,195.3 1 0
haya-tab/pkg/store/database.go:199.2,226.12 3 37
haya-tab/pkg/store/database.go:230.41,233.16 2 37
haya-tab/pkg/store/database.go:233.16,235.62 1 37
haya-tab/pkg/store/database.go:235.63,237.4 0 0
haya-tab/pkg/store/database.go:241.2,242.16 2 37
haya-tab/pkg/store/database.go:242.16,243.62 1 37
haya-tab/pkg/store/database.go:243.63,245.4 0 0
haya-tab/pkg/store/database.go:249.2,250.16 2 37
haya-tab/pkg/store/database.go:250.16,251.62 1 37
haya-tab/pkg/store/database.go:251.63,253.4 0 0
haya-tab/pkg/store/database.go:257.2,258.16 2 37
haya-tab/pkg/store/database.go:258.16,259.62 1 37
haya-tab/pkg/store/database.go:259.63,261.4 0 0
haya-tab/pkg/store/database.go:266.2,266.89 1 37
haya-tab/pkg/store/database.go:266.90,268.3 0 0
haya-tab/pkg/store/database.go:272.2,280.16 2 37
haya-tab/pkg/store/database.go:280.16,283.3 1 0
haya-tab/pkg/store/database.go:286.2,287.16 2 37
haya-tab/pkg/store/database.go:287.16,288.62 1 37
haya-tab/pkg/store/database.go:288.63,290.4 0 0
haya-tab/pkg/store/database.go:294.2,295.16 2 37
haya-tab/pkg/store/database.go:295.16,296.62 1 37
haya-tab/pkg/store/database.go:296.63,298.4 0 0
haya-tab/pkg/store/database.go:302.2,303.16 2 37
haya-tab/pkg/store/database.go:303.16,304.62 1 37
haya-tab/pkg/store/database.go:304.63,306.4 0 0
haya-tab/pkg/store/database.go:310.2,311.16 2 37
haya-tab/pkg/store/database.go:311.16,312.62 1 37
haya-tab/pkg/store/database.go:312.63,314.4 0 0
haya-tab/pkg/store/database.go:318.2,319.16 2 37
haya-tab/pkg/store/database.go:319.16,320.62 1 37
haya-tab/pkg/store/database.go:320.63,322.4 0 0
haya-tab/pkg/store/database.go:326.2,327.16 2 37
haya-tab/pkg/store/database.go:327.16,328.62 1 37
haya-tab/pkg/store/database.go:328.63,330.4 0 0
haya-tab/pkg/store/database.go:334.2,344.44 2 37
haya-tab/pkg/store/database.go:344.44,345.48 1 296
haya-tab/pkg/store/database.go:345.48,347.4 1 0
haya-tab/pkg/store/database.go:350.2,350.12 1 37
haya-tab/pkg/store/database.go:353.40,357.16 2 37
haya-tab/pkg/store/database.go:357.16,359.3 1 0
haya-tab/pkg/store/database.go:360.2,363.18 3 37
haya-tab/pkg/store/database.go:363.18,365.49 2 0
haya-tab/pkg/store/database.go:365.49,367.4 1 0
haya-tab/pkg/store/database.go:368.3,368.24 1 0
haya-tab/pkg/store/database.go:371.2,371.36 1 37
haya-tab/pkg/store/database.go:371.36,373.3 1 0
haya-tab/pkg/store/database.go:374.2,374.39 1 37
haya-tab/pkg/store/database.go:374.39,376.3 1 0
haya-tab/pkg/store/database.go:377.2,377.41 1 37
haya-tab/pkg/store/database.go:377.41,379.3 1 0
haya-tab/pkg/store/database.go:380.2,380.37 1 37
haya-tab/pkg/store/database.go:380.37,382.3 1 0
haya-tab/pkg/store/database.go:383.2,383.41 1 37
haya-tab/pkg/store/database.go:383.41,385.3 1 0
haya-tab/pkg/store/database.go:386.2,386.43 1 37
haya-tab/pkg/store/database.go:386.43,388.3 1 0
haya-tab/pkg/store/database.go:389.2,389.42 1 37
haya-tab/pkg/store/database.go:389.42,391.3 1 0
haya-tab/pkg/store/database.go:392.2,392.46 1 37
haya-tab/pkg/store/database.go:392.46,394.3 1 0
haya-tab/pkg/store/database.go:395.2,395.48 1 37
haya-tab/pkg/store/database.go:395.48,397.3 1 0
haya-tab/pkg/store/database.go:398.2,398.43 1 37
haya-tab/pkg/store/database.go:398.43,402.3 3 0
haya-tab/pkg/store/database.go:403.2,403.43 1 37
haya-tab/pkg/store/database.go:403.43,405.3 1 0
haya-tab/pkg/store/database.go:406.2,406.51 1 37
haya-tab/pkg/store/database.go:406.51,408.3 1 0
haya-tab/pkg/store/database.go:409.2,409.42 1 37
haya-tab/pkg/store/database.go:409.42,411.3 1 0
haya-tab/pkg/store/database.go:412.2,412.41 1 37
haya-tab/pkg/store/database.go:412.41,414.3 1 0
haya-tab/pkg/store/database.go:415.2,415.49 1 37
haya-tab/pkg/store/database.go:415.49,417.3 1 0
haya-tab/pkg/store/database.go:418.2,418.50 1 37
haya-tab/pkg/store/database.go:418.50,422.3 3 0
haya-tab/pkg/store/database.go:423.2,423.44 1 37
haya-tab/pkg/store/database.go:423.44,425.3 1 0
haya-tab/pkg/store/database.go:428.2,428.44 1 37
haya-tab/pkg/store/database.go:428.44,430.3 1 0
haya-tab/pkg/store/database.go:431.2,431.40 1 37
haya-tab/pkg/store/database.go:431.40,433.3 1 0
haya-tab/pkg/store/database.go:434.2,434.41 1 37
haya-tab/pkg/store/database.go:434.41,436.3 1 0
haya-tab/pkg/store/database.go:437.2,437.45 1 37
haya-tab/pkg/store/database.go:437.45,439.47 1 0
haya-tab/pkg/store/database.go:439.47,441.4 1 0
haya-tab/pkg/store/database.go:441.9,443.4 1 0
haya-tab/pkg/store/database.go:447.2,447.64 1 37
haya-tab/pkg/store/database.go:447.64,449.3 1 0
haya-tab/pkg/store/database.go:450.2,450.62 1 37
haya-tab/pkg/store/database.go:450.62,452.3 1 0
haya-tab/pkg/store/database.go:453.2,453.63 1 37
haya-tab/pkg/store/database.go:453.63,455.3 1 0
haya-tab/pkg/store/database.go:456.2,456.63 1 37
haya-tab/pkg/store/database.go:456.63,458.3 1 0
haya-tab/pkg/store/database.go:459.2,459.58 1 37
haya-tab/pkg/store/database.go:459.58,461.3 1 0
haya-tab/pkg/store/database.go:462.2,462.61 1 37
haya-tab/pkg/store/database.go:462.61,464.3 1 0
haya-tab/pkg/store/database.go:465.2,465.62 1 37
haya-tab/pkg/store/database.go:465.62,467.3 1 0
haya-tab/pkg/store/database.go:468.2,468.64 1 37
haya-tab/pkg/store/database.go:468.64,470.3 1 0
haya-tab/pkg/store/database.go:471.2,471.68 1 37
haya-tab/pkg/store/database.go:471.68,473.3 1 0
haya-tab/pkg/store/database.go:474.2,474.63 1 37
haya-tab/pkg/store/database.go:474.63,476.3 1 0
haya-tab/pkg/store/database.go:477.2,477.65 1 37
haya-tab/pkg/store/database.go:477.65,479.3 1 0
haya-tab/pkg/store/database.go:480.2,480.64 1 37
haya-tab/pkg/store/database.go:480.64,482.3 1 0
haya-tab/pkg/store/database.go:483.2,483.67 1 37
haya-tab/pkg/store/database.go:483.67,485.3 1 0
haya-tab/pkg/store/database.go:486.2,486.69 1 37
haya-tab/pkg/store/database.go:486.69,488.3 1 0
haya-tab/pkg/store/database.go:489.2,489.54 1 37
haya-tab/pkg/store/database.go:489.54,491.3 1 0
haya-tab/pkg/store/database.go:493.2,493.12 1 37
haya-tab/pkg/store/database.go:497.33,499.17 1 38
haya-tab/pkg/store/database.go:499.17,501.3 1 38
haya-tab/pkg/store/database.go:502.2,502.12 1 0
haya-tab/pkg/store/database.go:506.34,509.16 3 3
haya-tab/pkg/store/database.go:509.16,511.3 1 0
haya-tab/pkg/store/database.go:512.2,512.18 1 3
haya-tab/pkg/store/database_annotations.go:9.96,18.2 2 0
haya-tab/pkg/store/database_annotations.go:22.82,29.16 3 0
haya-tab/pkg/store/database_annotations.go:29.16,30.27 1 0
haya-tab/pkg/store/database_annotations.go:30.27,32.4 1 0
haya-tab/pkg/store/database_annotations.go:33.3,33.17 1 0
haya-tab/pkg/store/database_annotations.go:35.2,35.26 1 0
haya-tab/pkg/store/database_annotations.go:35.26,37.3 1 0
haya-tab/pkg/store/database_annotations.go:38.2,38.28 1 0
haya-tab/pkg/store/database_annotations.go:42.60,45.2 2 0
haya-tab/pkg/store/database_categories.go:11.55,17.16 2 3
haya-tab/pkg/store/database_categories.go:17.16,19.3 1 0
haya-tab/pkg/store/database_categories.go:20.2,23.18 3 3
haya-tab/pkg/store/database_categories.go:23.18,25.101 2 6
haya-tab/pkg/store/database_categories.go:25.101,27.4 1 0
haya-tab/pkg/store/database_categories.go:28.3,28.37 1 6
haya-tab/pkg/store/database_categories.go:30.2,30.24 1 3
haya-tab/pkg/store/database_categories.go:33.70,34.16 1 1
haya-tab/pkg/store/database_categories.go:34.16,36.3 1 0
haya-tab/pkg/store/database_categories.go:38.2,48.16 2 1
haya-tab/pkg/store/database_categories.go:48.16,50.3 1 0
haya-tab/pkg/store/database_categories.go:51.2,54.18 3 1
haya-tab/pkg/store/database_categories.go:54.18,57.113 3 2
haya-tab/pkg/store/database_categories.go:57.113,59.4 1 0
haya-tab/pkg/store/database_categories.go:60.3,60.37 1 2
haya-tab/pkg/store/database_categories.go:62.2,62.24 1 1
haya-tab/pkg/store/database_categories.go:65.51,71.2 2 15
haya-tab/pkg/store/database_categories.go:73.51,76.16 2 2
haya-tab/pkg/store/database_categories.go:76.16,78.3 1 0
haya-tab/pkg/store/database_categories.go:79.2,82.99 2 2
haya-tab/pkg/store/database_categories.go:82.99,84.3 1 0
haya-tab/pkg/store/database_categories.go:89.2,89.78 1 2
haya-tab/pkg/store/database_categories.go:89.78,91.3 1 0
haya-tab/pkg/store/database_categories.go:94.2,94.97 1 2
haya-tab/pkg/store/database_categories.go:94.98,96.3 0 0
haya-tab/pkg/store/database_categories.go:98.2,98.20 1 2
haya-tab/pkg/store/database_categories.go:101.62,104.2 2 1
haya-tab/pkg/store/database_categories.go:107.47,113.2 2 39
haya-tab/pkg/store/database_categories.go:116.61,123.16 3 5
haya-tab/pkg/store/database_categories.go:123.16,124.27 1 1
haya-tab/pkg/store/database_categories.go:124.27,126.4 1 1
haya-tab/pkg/store/database_categories.go:127.3,127.18 1 0
haya-tab/pkg/store/database_categories.go:129.2,129.16 1 4
haya-tab/pkg/store/database_categories.go:133.69,140.16 3 0
haya-tab/pkg/store/database_categories.go:140.16,141.27 1 0
haya-tab/pkg/store/database_categories.go:141.27,143.4 1 0
haya-tab/pkg/store/database_categories.go:144.3,144.18 1 0
haya-tab/pkg/store/database_categories.go:146.2,146.16 1 0
haya-tab/pkg/store/database_categories.go:151.69,152.16 1 0
haya-tab/pkg/store/database_categories.go:152.16,154.3 1 0
haya-tab/pkg/store/database_categories.go:156.2,157.16 2 0
haya-tab/pkg/store/database_categories.go:157.16,159.3 1 0
haya-tab/pkg/store/database_categories.go:160.2,160.16 1 0
haya-tab/pkg/store/database_categories.go:160.16,162.3 1 0
haya-tab/pkg/store/database_categories.go:165.2,170.46 3 0
haya-tab/pkg/store/database_categories.go:170.46,172.3 1 0
haya-tab/pkg/store/database_categories.go:173.2,173.16 1 0
haya-tab/pkg/store/database_categories.go:178.74,185.16 2 0
haya-tab/pkg/store/database_categories.go:185.16,187.3 1 0
haya-tab/pkg/store/database_categories.go:188.2,191.18 3 0
haya-tab/pkg/store/database_categories.go:191.18,193.42 2 0
haya-tab/pkg/store/database_categories.go:193.42,195.4 1 0
haya-tab/pkg/store/database_categories.go:196.3,196.30 1 0
haya-tab/pkg/store/database_categories.go:198.2,198.19 1 0
haya-tab/pkg/store/database_migration_volumes.go:10.53,18.16 3 0
haya-tab/pkg/store/database_migration_volumes.go:18.16,20.3 1 0
haya-tab/pkg/store/database_migration_volumes.go:21.2,30.18 4 0
haya-tab/pkg/store/database_migration_volumes.go:30.18,32.73 2 0
haya-tab/pkg/store/database_migration_volumes.go:32.73,34.4 1 0
haya-tab/pkg/store/database_migration_volumes.go:35.3,35.39 1 0
haya-tab/pkg/store/database_migration_volumes.go:38.2,38.26 1 0
haya-tab/pkg/store/database_migration_volumes.go:38.26,41.3 2 0
haya-tab/pkg/store/database_migration_volumes.go:43.2,47.16 3 0
haya-tab/pkg/store/database_migration_volumes.go:47.16,49.3 1 0
haya-tab/pkg/store/database_migration_volumes.go:51.2,51.23 1 0
haya-tab/pkg/store/database_migration_volumes.go:51.23,54.3 2 0
haya-tab/pkg/store/database_migration_volumes.go:56.2,60.33 3 0
haya-tab/pkg/store/database_migration_volumes.go:60.33,67.31 4 0
haya-tab/pkg/store/database_migration_volumes.go:67.31,69.28 1 0
haya-tab/pkg/store/database_migration_volumes.go:69.28,74.13 1 0
haya-tab/pkg/store/database_migration_volumes.go:78.4,78.91 1 0
haya-tab/pkg/store/database_migration_volumes.go:78.91,79.47 1 0
haya-tab/pkg/store/database_migration_volumes.go:79.47,83.6 3 0
haya-tab/pkg/store/database_migration_volumes.go:88.3,88.15 1 0
haya-tab/pkg/store/database_migration_volumes.go:88.15,89.32 1 0
haya-tab/pkg/store/database_migration_volumes.go:89.32,90.29 1 0
haya-tab/pkg/store/database_migration_volumes.go:90.29,95.11 4 0
haya-tab/pkg/store/database_migration_volumes.go:100.3,100.14 1 0
haya-tab/pkg/store/database_migration_volumes.go:100.14,111.91 4 0
haya-tab/pkg/store/database_migration_volumes.go:111.91,113.13 2 0
haya-tab/pkg/store/database_migration_volumes.go:116.4,117.130 2 0
haya-tab/pkg/store/database_migration_volumes.go:118.9,121.4 2 0
haya-tab/pkg/store/database_migration_volumes.go:124.2,125.12 2 0
haya-tab/pkg/store/database_migration_volumes.go:129.54,137.16 3 0
haya-tab/pkg/store/database_migration_volumes.go:137.16,139.3 1 0
haya-tab/pkg/store/database_migration_volumes.go:141.2,142.22 2 0
haya-tab/pkg/store/database_migration_volumes.go:142.22,144.3 1 0
haya-tab/pkg/store/database_migration_volumes.go:146.2,146.31 1 0
haya-tab/pkg/store/database_migration_volumes.go:150.55,160.2 4 0
haya-tab/pkg/store/database_migration_volumes.go:164.67,166.48 1 0
haya-tab/pkg/store/database_migration_volumes.go:166.48,168.3 1 0
haya-tab/pkg/store/database_migration_volumes.go:171.2,182.16 3 0
haya-tab/pkg/store/database_migration_volumes.go:182.16,184.3 1 0
haya-tab/pkg/store/database_migration_volumes.go:185.2,188.18 3 0
haya-tab/pkg/store/database_migration_volumes.go:188.18,190.43 2 0
haya-tab/pkg/store/database_migration_volumes.go:190.43,192.4 1 0
haya-tab/pkg/store/database_migration_volumes.go:193.3,193.33 1 0
haya-tab/pkg/store/database_migration_volumes.go:196.2,196.22 1 0
haya-tab/pkg/store/database_migration_volumes.go:196.22,199.3 2 0
haya-tab/pkg/store/database_migration_volumes.go:201.2,205.31 3 0
haya-tab/pkg/store/database_migration_volumes.go:205.31,211.17 3 0
haya-tab/pkg/store/database_migration_volumes.go:211.17,213.12 2 0
haya-tab/pkg/store/database_migration_volumes.go:216.3,217.23 2 0
haya-tab/pkg/store/database_migration_volumes.go:217.23,219.4 1 0
haya-tab/pkg/store/database_migration_volumes.go:222.2,223.24 2 0
haya-tab/pkg/store/database_settings.go:11.42,15.2 3 4
haya-tab/pkg/store/database_settings.go:17.59,20.16 2 2
haya-tab/pkg/store/database_settings.go:20.16,22.3 1 0
haya-tab/pkg/store/database_settings.go:24.2,66.38 3 2
haya-tab/pkg/store/database_settings.go:66.38,67.112 1 72
haya-tab/pkg/store/database_settings.go:67.112,69.4 1 0
haya-tab/pkg/store/database_settings.go:73.2,77.12 4 2
haya-tab/pkg/store/database_tabs.go:17.45,21.26 3 1
haya-tab/pkg/store/database_tabs.go:21.26,22.64 1 6
haya-tab/pkg/store/database_tabs.go:22.64,24.4 1 6
haya-tab/pkg/store/database_tabs.go:26.2,29.41 2 1
haya-tab/pkg/store/database_tabs.go:29.41,30.12 1 6
haya-tab/pkg/store/database_tabs.go:31.37,32.13 1 0
haya-tab/pkg/store/database_tabs.go:33.11,34.12 1 6
haya-tab/pkg/store/database_tabs.go:39.2,44.83 3 1
haya-tab/pkg/store/database_tabs.go:44.83,45.39 1 5
haya-tab/pkg/store/database_tabs.go:45.39,48.18 2 0
haya-tab/pkg/store/database_tabs.go:48.18,52.5 3 0
haya-tab/pkg/store/database_tabs.go:57.2,58.37 2 1
haya-tab/pkg/store/database_tabs.go:58.37,60.3 1 0
haya-tab/pkg/store/database_tabs.go:62.2,62.15 1 1
haya-tab/pkg/store/database_tabs.go:67.44,72.16 2 4
haya-tab/pkg/store/database_tabs.go:72.16,74.3 1 0
haya-tab/pkg/store/database_tabs.go:75.2,80.18 4 4
haya-tab/pkg/store/database_tabs.go:80.18,84.267 4 8
haya-tab/pkg/store/database_tabs.go:84.267,86.4 1 0
haya-tab/pkg/store/database_tabs.go:87.3,91.36 5 8
haya-tab/pkg/store/database_tabs.go:95.2,96.16 2 4
haya-tab/pkg/store/database_tabs.go:96.16,98.3 1 0
haya-tab/pkg/store/database_tabs.go:99.2,101.21 2 4
haya-tab/pkg/store/database_tabs.go:101.21,103.50 2 0
haya-tab/pkg/store/database_tabs.go:103.50,104.34 1 0
haya-tab/pkg/store/database_tabs.go:104.34,106.5 1 0
haya-tab/pkg/store/database_tabs.go:110.2,110.18 1 4
haya-tab/pkg/store/database_tabs.go:113.179,115.44 1 4
haya-tab/pkg/store/database_tabs.go:115.44,117.3 1 1
haya-tab/pkg/store/database_tabs.go:120.2,125.15 4 3
haya-tab/pkg/store/database_tabs.go:125.15,126.23 1 3
haya-tab/pkg/store/database_tabs.go:126.23,131.4 3 0
haya-tab/pkg/store/database_tabs.go:134.2,135.27 2 3
haya-tab/pkg/store/database_tabs.go:135.27,137.3 1 0
haya-tab/pkg/store/database_tabs.go:138.2,143.72 4 3
haya-tab/pkg/store/database_tabs.go:143.72,145.3 1 0
haya-tab/pkg/store/database_tabs.go:148.2,153.14 5 3
haya-tab/pkg/store/database_tabs.go:153.14,155.3 1 1
haya-tab/pkg/store/database_tabs.go:157.2,157.16 1 3
haya-tab/pkg/store/database_tabs.go:158.18,159.41 1 1
haya-tab/pkg/store/database_tabs.go:160.21,161.44 1 0
haya-tab/pkg/store/database_tabs.go:162.15,163.38 1 2
haya-tab/pkg/store/database_tabs.go:164.10,165.38 1 0
haya-tab/pkg/store/database_tabs.go:168.2,180.16 4 3
haya-tab/pkg/store/database_tabs.go:180.16,182.3 1 0
haya-tab/pkg/store/database_tabs.go:183.2,189.18 5 3
haya-tab/pkg/store/database_tabs.go:189.18,193.267 4 23
haya-tab/pkg/store/database_tabs.go:193.267,195.4 1 0
haya-tab/pkg/store/database_tabs.go:196.3,201.36 6 23
haya-tab/pkg/store/database_tabs.go:204.2,204.19 1 3
haya-tab/pkg/store/database_tabs.go:204.19,211.17 5 3
haya-tab/pkg/store/database_tabs.go:211.17,213.4 1 0
haya-tab/pkg/store/database_tabs.go:214.3,216.22 2 3
haya-tab/pkg/store/database_tabs.go:216.22,218.51 2 0
haya-tab/pkg/store/database_tabs.go:218.51,219.35 1 0
haya-tab/pkg/store/database_tabs.go:219.35,221.6 1 0
haya-tab/pkg/store/database_tabs.go:226.2,226.25 1 3
haya-tab/pkg/store/database_tabs.go:230.182,233.26 2 1
haya-tab/pkg/store/database_tabs.go:233.26,235.3 1 0
haya-tab/pkg/store/database_tabs.go:239.2,240.33 2 1
haya-tab/pkg/store/database_tabs.go:240.33,241.16 1 1
haya-tab/pkg/store/database_tabs.go:242.42,244.81 1 1
haya-tab/pkg/store/database_tabs.go:248.2,248.24 1 1
haya-tab/pkg/store/database_tabs.go:248.24,250.3 1 0
haya-tab/pkg/store/database_tabs.go:252.2,259.15 5 1
haya-tab/pkg/store/database_tabs.go:259.15,260.23 1 1
haya-tab/pkg/store/database_tabs.go:260.23,264.4 3 0
haya-tab/pkg/store/database_tabs.go:268.2,278.77 4 1
haya-tab/pkg/store/database_tabs.go:278.77,281.3 1 0
haya-tab/pkg/store/database_tabs.go:284.2,289.14 5 1
haya-tab/pkg/store/database_tabs.go:289.14,291.3 1 0
haya-tab/pkg/store/database_tabs.go:293.2,293.16 1 1
haya-tab/pkg/store/database_tabs.go:294.18,295.41 1 0
haya-tab/pkg/store/database_tabs.go:296.21,297.44 1 0
haya-tab/pkg/store/database_tabs.go:298.15,299.38 1 1
haya-tab/pkg/store/database_tabs.go:302.2,318.16 5 1
haya-tab/pkg/store/database_tabs.go:318.16,321.3 1 0
haya-tab/pkg/store/database_tabs.go:322.2,328.18 5 1
haya-tab/pkg/store/database_tabs.go:328.18,332.267 4 10
haya-tab/pkg/store/database_tabs.go:332.267,334.4 1 0
haya-tab/pkg/store/database_tabs.go:335.3,340.36 6 10
haya-tab/pkg/store/database_tabs.go:343.2,343.19 1 1
haya-tab/pkg/store/database_tabs.go:343.19,350.17 5 1
haya-tab/pkg/store/database_tabs.go:350.17,352.4 1 0
haya-tab/pkg/store/database_tabs.go:353.3,355.22 2 1
haya-tab/pkg/store/database_tabs.go:355.22,357.51 2 0
haya-tab/pkg/store/database_tabs.go:357.51,358.35 1 0
haya-tab/pkg/store/database_tabs.go:358.35,360.6 1 0
haya-tab/pkg/store/database_tabs.go:365.2,365.25 1 1
haya-tab/pkg/store/database_tabs.go:369.183,375.15 4 14
haya-tab/pkg/store/database_tabs.go:375.15,376.23 1 1
haya-tab/pkg/store/database_tabs.go:376.23,380.4 3 1
haya-tab/pkg/store/database_tabs.go:384.2,386.33 3 14
haya-tab/pkg/store/database_tabs.go:386.33,387.16 1 16
haya-tab/pkg/store/database_tabs.go:388.42,390.29 2 15
haya-tab/pkg/store/database_tabs.go:393.2,393.31 1 14
haya-tab/pkg/store/database_tabs.go:393.31,395.3 1 13
haya-tab/pkg/store/database_tabs.go:397.2,398.27 2 14
haya-tab/pkg/store/database_tabs.go:398.27,400.3 1 13
haya-tab/pkg/store/database_tabs.go:401.2,406.72 4 14
haya-tab/pkg/store/database_tabs.go:406.72,408.3 1 0
haya-tab/pkg/store/database_tabs.go:411.2,416.14 5 14
haya-tab/pkg/store/database_tabs.go:416.14,418.3 1 1
haya-tab/pkg/store/database_tabs.go:420.2,420.16 1 14
haya-tab/pkg/store/database_tabs.go:421.18,422.36 1 0
haya-tab/pkg/store/database_tabs.go:423.21,424.39 1 0
haya-tab/pkg/store/database_tabs.go:425.15,426.33 1 14
haya-tab/pkg/store/database_tabs.go:429.2,441.16 4 14
haya-tab/pkg/store/database_tabs.go:441.16,443.3 1 0
haya-tab/pkg/store/database_tabs.go:444.2,450.18 5 14
haya-tab/pkg/store/database_tabs.go:450.18,454.267 4 23
haya-tab/pkg/store/database_tabs.go:454.267,456.4 1 0
haya-tab/pkg/store/database_tabs.go:457.3,462.36 6 23
haya-tab/pkg/store/database_tabs.go:465.2,465.19 1 14
haya-tab/pkg/store/database_tabs.go:465.19,472.17 5 11
haya-tab/pkg/store/database_tabs.go:472.17,474.4 1 0
haya-tab/pkg/store/database_tabs.go:475.3,477.22 2 11
haya-tab/pkg/store/database_tabs.go:477.22,479.51 2 22
haya-tab/pkg/store/database_tabs.go:479.51,480.35 1 22
haya-tab/pkg/store/database_tabs.go:480.35,482.6 1 22
haya-tab/pkg/store/database_tabs.go:487.2,487.25 1 14
haya-tab/pkg/store/database_tabs.go:490.51,499.16 6 8
haya-tab/pkg/store/database_tabs.go:499.16,500.27 1 1
haya-tab/pkg/store/database_tabs.go:500.27,502.4 1 1
haya-tab/pkg/store/database_tabs.go:503.3,503.18 1 0
haya-tab/pkg/store/database_tabs.go:505.2,512.16 6 7
haya-tab/pkg/store/database_tabs.go:512.16,514.19 2 7
haya-tab/pkg/store/database_tabs.go:514.19,516.42 2 2
haya-tab/pkg/store/database_tabs.go:516.42,518.5 1 2
haya-tab/pkg/store/database_tabs.go:522.2,522.16 1 7
haya-tab/pkg/store/database_tabs.go:525.41,528.16 2 71
haya-tab/pkg/store/database_tabs.go:528.16,530.3 1 0
haya-tab/pkg/store/database_tabs.go:531.2,534.19 3 71
haya-tab/pkg/store/database_tabs.go:534.19,536.3 1 0
haya-tab/pkg/store/database_tabs.go:537.2,538.17 2 71
haya-tab/pkg/store/database_tabs.go:538.17,540.3 1 0
haya-tab/pkg/store/database_tabs.go:544.2,545.30 2 71
haya-tab/pkg/store/database_tabs.go:545.30,547.3 1 2
haya-tab/pkg/store/database_tabs.go:549.2,553.16 2 71
haya-tab/pkg/store/database_tabs.go:553.16,555.3 1 0
haya-tab/pkg/store/database_tabs.go:558.2,559.16 2 71
haya-tab/pkg/store/database_tabs.go:559.16,561.3 1 0
haya-tab/pkg/store/database_tabs.go:563.2,563.30 1 71
haya-tab/pkg/store/database_tabs.go:563.30,565.17 2 2
haya-tab/pkg/store/database_tabs.go:565.17,567.4 1 0
haya-tab/pkg/store/database_tabs.go:568.3,570.41 2 2
haya-tab/pkg/store/database_tabs.go:570.41,571.67 1 2
haya-tab/pkg/store/database_tabs.go:571.67,573.5 1 0
haya-tab/pkg/store/database_tabs.go:577.2,577.20 1 71
haya-tab/pkg/store/database_tabs.go:582.57,583.20 1 0
haya-tab/pkg/store/database_tabs.go:583.20,585.3 1 0
haya-tab/pkg/store/database_tabs.go:588.2,589.16 2 0
haya-tab/pkg/store/database_tabs.go:589.16,591.3 1 0
haya-tab/pkg/store/database_tabs.go:592.2,599.16 3 0
haya-tab/pkg/store/database_tabs.go:599.16,601.3 1 0
haya-tab/pkg/store/database_tabs.go:602.2,605.16 3 0
haya-tab/pkg/store/database_tabs.go:605.16,607.3 1 0
haya-tab/pkg/store/database_tabs.go:608.2,611.16 3 0
haya-tab/pkg/store/database_tabs.go:611.16,613.3 1 0
haya-tab/pkg/store/database_tabs.go:614.2,619.27 3 0
haya-tab/pkg/store/database_tabs.go:619.27,621.20 2 0
haya-tab/pkg/store/database_tabs.go:621.20,623.4 1 0
haya-tab/pkg/store/database_tabs.go:624.3,625.18 2 0
haya-tab/pkg/store/database_tabs.go:625.18,627.4 1 0
haya-tab/pkg/store/database_tabs.go:629.3,630.31 2 0
haya-tab/pkg/store/database_tabs.go:630.31,632.4 1 0
haya-tab/pkg/store/database_tabs.go:635.3,641.17 2 0
haya-tab/pkg/store/database_tabs.go:641.17,644.12 2 0
haya-tab/pkg/store/database_tabs.go:648.3,649.17 2 0
haya-tab/pkg/store/database_tabs.go:649.17,651.12 2 0
haya-tab/pkg/store/database_tabs.go:655.3,655.31 1 0
haya-tab/pkg/store/database_tabs.go:655.31,656.42 1 0
haya-tab/pkg/store/database_tabs.go:656.42,657.77 1 0
haya-tab/pkg/store/database_tabs.go:657.77,659.6 1 0
haya-tab/pkg/store/database_tabs.go:663.3,663.17 1 0
haya-tab/pkg/store/database_tabs.go:666.2,666.36 1 0
haya-tab/pkg/store/database_tabs.go:666.36,668.3 1 0
haya-tab/pkg/store/database_tabs.go:670.2,670.26 1 0
haya-tab/pkg/store/database_tabs.go:673.44,675.2 1 1
haya-tab/pkg/store/database_tabs.go:677.46,680.2 2 1
haya-tab/pkg/store/database_tabs.go:682.90,684.16 2 8
haya-tab/pkg/store/database_tabs.go:684.16,686.3 1 0
haya-tab/pkg/store/database_tabs.go:687.2,691.26 3 8
haya-tab/pkg/store/database_tabs.go:691.26,693.3 1 8
haya-tab/pkg/store/database_tabs.go:694.2,694.101 1 8
haya-tab/pkg/store/database_tabs.go:694.101,696.3 1 0
haya-tab/pkg/store/database_tabs.go:699.2,699.86 1 8
haya-tab/pkg/store/database_tabs.go:699.86,701.3 1 0
haya-tab/pkg/store/database_tabs.go:704.2,705.16 2 8
haya-tab/pkg/store/database_tabs.go:705.16,707.3 1 0
haya-tab/pkg/store/database_tabs.go:708.2,710.34 2 8
haya-tab/pkg/store/database_tabs.go:710.34,711.56 1 9
haya-tab/pkg/store/database_tabs.go:711.56,713.4 1 0
haya-tab/pkg/store/database_tabs.go:716.2,716.20 1 8
haya-tab/pkg/store/database_tabs.go:719.63,727.16 5 1
haya-tab/pkg/store/database_tabs.go:727.16,728.27 1 0
haya-tab/pkg/store/database_tabs.go:728.27,730.4 1 0
haya-tab/pkg/store/database_tabs.go:731.3,731.18 1 0
haya-tab/pkg/store/database_tabs.go:733.2,739.16 5 1
haya-tab/pkg/store/database_tabs.go:739.16,741.19 2 1
haya-tab/pkg/store/database_tabs.go:741.19,743.42 2 0
haya-tab/pkg/store/database_tabs.go:743.42,745.5 1 0
haya-tab/pkg/store/database_tabs.go:749.2,749.16 1 1
haya-tab/pkg/store/database_tabs.go:752.61,760.16 5 1
haya-tab/pkg/store/database_tabs.go:760.16,761.27 1 0
haya-tab/pkg/store/database_tabs.go:761.27,763.4 1 0
haya-tab/pkg/store/database_tabs.go:764.3,764.18 1 0
haya-tab/pkg/store/database_tabs.go:766.2,772.16 5 1
haya-tab/pkg/store/database_tabs.go:772.16,774.19 2 1
haya-tab/pkg/store/database_tabs.go:774.19,776.42 2 0
haya-tab/pkg/store/database_tabs.go:776.42,778.5 1 0
haya-tab/pkg/store/database_tabs.go:782.2,782.16 1 1
haya-tab/pkg/store/database_tabs.go:785.59,786.16 1 1
haya-tab/pkg/store/database_tabs.go:786.16,788.3 1 0
haya-tab/pkg/store/database_tabs.go:790.2,797.16 2 1
haya-tab/pkg/store/database_tabs.go:797.16,799.3 1 0
haya-tab/pkg/store/database_tabs.go:800.2,805.18 4 1
haya-tab/pkg/store/database_tabs.go:805.18,809.267 4 3
haya-tab/pkg/store/database_tabs.go:809.267,811.4 1 0
haya-tab/pkg/store/database_tabs.go:812.3,816.36 5 3
haya-tab/pkg/store/database_tabs.go:819.2,819.19 1 1
haya-tab/pkg/store/database_tabs.go:819.19,824.26 4 1
haya-tab/pkg/store/database_tabs.go:824.26,826.4 1 3
haya-tab/pkg/store/database_tabs.go:828.3,829.17 2 1
haya-tab/pkg/store/database_tabs.go:829.17,831.23 2 1
haya-tab/pkg/store/database_tabs.go:831.23,833.52 2 0
haya-tab/pkg/store/database_tabs.go:833.52,834.36 1 0
haya-tab/pkg/store/database_tabs.go:834.36,836.7 1 0
haya-tab/pkg/store/database_tabs.go:842.2,842.18 1 1
haya-tab/pkg/store/database_tabs.go:847.64,854.16 2 1
haya-tab/pkg/store/database_tabs.go:854.16,856.3 1 0
haya-tab/pkg/store/database_tabs.go:857.2,860.18 3 1
haya-tab/pkg/store/database_tabs.go:860.18,864.267 4 1
haya-tab/pkg/store/database_tabs.go:864.267,866.4 1 0
haya-tab/pkg/store/database_tabs.go:867.3,870.25 4 1
haya-tab/pkg/store/database_tabs.go:873.2,873.18 1 1
haya-tab/pkg/store/database_tabs.go:877.77,880.2 2 1
haya-tab/pkg/store/database_tabs.go:884.59,891.16 2 1
haya-tab/pkg/store/database_tabs.go:891.16,893.3 1 0
haya-tab/pkg/store/database_tabs.go:894.2,897.18 3 1
haya-tab/pkg/store/database_tabs.go:897.18,901.267 4 1
haya-tab/pkg/store/database_tabs.go:901.267,903.4 1 0
haya-tab/pkg/store/database_tabs.go:904.3,907.25 4 1
haya-tab/pkg/store/database_tabs.go:910.2,910.18 1 1
haya-tab/pkg/store/database_tabs.go:914.81,917.2 2 1
haya-tab/pkg/store/database_tabs.go:920.47,922.2 1 4
haya-tab/pkg/store/database_tabs.go:925.59,939.16 3 3
haya-tab/pkg/store/database_tabs.go:939.16,941.3 1 0
haya-tab/pkg/store/database_tabs.go:942.2,947.18 4 3
haya-tab/pkg/store/database_tabs.go:947.18,951.267 4 3
haya-tab/pkg/store/database_tabs.go:951.267,953.4 1 0
haya-tab/pkg/store/database_tabs.go:954.3,958.36 5 3
haya-tab/pkg/store/database_tabs.go:962.2,962.19 1 3
haya-tab/pkg/store/database_tabs.go:962.19,966.26 4 3
haya-tab/pkg/store/database_tabs.go:966.26,968.4 1 3
haya-tab/pkg/store/database_tabs.go:970.3,971.17 2 3
haya-tab/pkg/store/database_tabs.go:971.17,973.23 2 3
haya-tab/pkg/store/database_tabs.go:973.23,975.52 2 0
haya-tab/pkg/store/database_tabs.go:975.52,976.36 1 0
haya-tab/pkg/store/database_tabs.go:976.36,978.7 1 0
haya-tab/pkg/store/database_tabs.go:984.2,984.18 1 3
haya-tab/pkg/store/database_tabs.go:988.56,991.2 2 1
haya-tab/pkg/store/database_volumes.go:11.55,19.34 3 0
haya-tab/pkg/store/database_volumes.go:19.34,29.17 2 0
haya-tab/pkg/store/database_volumes.go:29.17,31.4 1 0
haya-tab/pkg/store/database_volumes.go:34.3,34.106 1 0
haya-tab/pkg/store/database_volumes.go:34.106,37.12 2 0
haya-tab/pkg/store/database_volumes.go:41.3,41.13 1 0
haya-tab/pkg/store/database_volumes.go:44.2,44.92 1 0
haya-tab/pkg/store/database_volumes.go:48.62,65.26 5 0
haya-tab/pkg/store/database_volumes.go:65.26,67.3 1 0
haya-tab/pkg/store/database_volumes.go:68.2,68.16 1 0
haya-tab/pkg/store/database_volumes.go:68.16,70.3 1 0
haya-tab/pkg/store/database_volumes.go:71.2,72.21 2 0
haya-tab/pkg/store/database_volumes.go:76.80,93.26 5 0
haya-tab/pkg/store/database_volumes.go:93.26,95.3 1 0
haya-tab/pkg/store/database_volumes.go:96.2,96.16 1 0
haya-tab/pkg/store/database_volumes.go:96.16,98.3 1 0
haya-tab/pkg/store/database_volumes.go:99.2,100.21 2 0
haya-tab/pkg/store/database_volumes.go:104.58,111.16 3 0
haya-tab/pkg/store/database_volumes.go:111.16,113.3 1 0
haya-tab/pkg/store/database_volumes.go:114.2,117.18 3 0
haya-tab/pkg/store/database_volumes.go:117.18,128.17 3 0
haya-tab/pkg/store/database_volumes.go:128.17,130.4 1 0
haya-tab/pkg/store/database_volumes.go:131.3,132.36 2 0
haya-tab/pkg/store/database_volumes.go:134.2,134.21 1 0
haya-tab/pkg/store/database_volumes.go:139.61,147.16 3 0
haya-tab/pkg/store/database_volumes.go:147.16,149.3 1 0
haya-tab/pkg/store/database_volumes.go:150.2,154.18 3 0
haya-tab/pkg/store/database_volumes.go:154.18,165.17 3 0
haya-tab/pkg/store/database_volumes.go:165.17,167.4 1 0
haya-tab/pkg/store/database_volumes.go:168.3,171.56 2 0
haya-tab/pkg/store/database_volumes.go:171.56,173.4 1 0
haya-tab/pkg/store/database_volumes.go:177.2,178.32 2 0
haya-tab/pkg/store/database_volumes.go:178.32,180.3 1 0
haya-tab/pkg/store/database_volumes.go:182.2,182.21 1 0
haya-tab/pkg/store/database_volumes.go:187.53,191.2 3 0
haya-tab/pkg/store/database_volumes.go:194.58,209.2 3 0
haya-tab/pkg/store/database_volumes.go:212.78,220.2 3 0
haya-tab/pkg/store/database_volumes.go:223.78,231.2 3 0
haya-tab/pkg/store/database_volumes.go:234.55,236.16 2 0
haya-tab/pkg/store/database_volumes.go:236.16,238.3 1 0
haya-tab/pkg/store/database_volumes.go:239.2,242.85 2 0
haya-tab/pkg/store/database_volumes.go:242.85,244.3 1 0
haya-tab/pkg/store/database_volumes.go:247.2,247.87 1 0
haya-tab/pkg/store/database_volumes.go:247.87,249.3 1 0
haya-tab/pkg/store/database_volumes.go:251.2,251.20 1 0
haya-tab/pkg/store/database_volumes.go:255.67,265.16 3 0
haya-tab/pkg/store/database_volumes.go:265.16,267.3 1 0
haya-tab/pkg/store/database_volumes.go:268.2,272.18 4 0
haya-tab/pkg/store/database_volumes.go:272.18,280.17 3 0
haya-tab/pkg/store/database_volumes.go:280.17,282.4 1 0
haya-tab/pkg/store/database_volumes.go:283.3,288.34 5 0
haya-tab/pkg/store/database_volumes.go:292.2,292.21 1 0
haya-tab/pkg/store/database_volumes.go:292.21,294.17 2 0
haya-tab/pkg/store/database_volumes.go:294.17,296.4 1 0
haya-tab/pkg/store/database_volumes.go:299.3,299.23 1 0
haya-tab/pkg/store/database_volumes.go:299.23,300.49 1 0
haya-tab/pkg/store/database_volumes.go:300.49,302.5 1 0
haya-tab/pkg/store/database_volumes.go:306.2,306.18 1 0
haya-tab/pkg/store/database_volumes.go:310.86,326.26 5 0
haya-tab/pkg/store/database_volumes.go:326.26,328.3 1 0
haya-tab/pkg/store/database_volumes.go:329.2,329.16 1 0
haya-tab/pkg/store/database_volumes.go:329.16,331.3 1 0
haya-tab/pkg/store/database_volumes.go:332.2,338.16 5 0
haya-tab/pkg/store/database_volumes.go:338.16,340.3 1 0
haya-tab/pkg/store/database_volumes.go:341.2,343.18 2 0
haya-tab/pkg/store/database_volumes.go:347.87,350.24 2 0
haya-tab/pkg/store/database_volumes.go:350.24,352.3 1 0
haya-tab/pkg/store/database_volumes.go:353.2,359.16 3 0
haya-tab/pkg/store/database_volumes.go:359.16,361.3 1 0
haya-tab/pkg/store/database_volumes.go:362.2,365.18 3 0
haya-tab/pkg/store/database_volumes.go:365.18,367.51 2 0
haya-tab/pkg/store/database_volumes.go:367.51,369.4 1 0
haya-tab/pkg/store/database_volumes.go:370.3,370.57 1 0
haya-tab/pkg/store/database_volumes.go:372.2,372.25 1 0
haya-tab/pkg/store/database_volumes.go:376.53,378.26 2 0
haya-tab/pkg/store/database_volumes.go:378.26,380.3 1 0
haya-tab/pkg/store/database_volumes.go:381.2,381.13 1 0
haya-tab/pkg/store/database_volumes.go:385.69,388.16 3 0
haya-tab/pkg/store/database_volumes.go:388.16,390.3 1 0
haya-tab/pkg/store/database_volumes.go:391.2,394.18 3 0
haya-tab/pkg/store/database_volumes.go:394.18,396.43 2 0
haya-tab/pkg/store/database_volumes.go:396.43,398.4 1 0
haya-tab/pkg/store/database_volumes.go:399.3,399.43 1 0
haya-tab/pkg/store/database_volumes.go:401.2,401.25 1 0
haya-tab/pkg/store/database_volumes.go:405.28,406.7 1 0
haya-tab/pkg/store/database_volumes.go:406.7,408.3 1 0
haya-tab/pkg/store/database_volumes.go:409.2,409.10 1 0
haya-tab/pkg/store/database_volumes.go:413.28,415.2 1 0
haya-tab/pkg/store/locale.go:20.34,22.15 2 39
haya-tab/pkg/store/locale.go:22.15,24.3 1 0
haya-tab/pkg/store/locale.go:27.2,28.45 2 39
haya-tab/pkg/store/locale.go:28.45,30.3 1 0
haya-tab/pkg/store/locale.go:31.2,34.47 2 39
haya-tab/pkg/store/locale.go:34.47,36.3 1 39
haya-tab/pkg/store/locale.go:39.2,40.45 2 0
haya-tab/pkg/store/locale.go:40.45,42.3 1 0
haya-tab/pkg/store/locale.go:44.2,44.16 1 0
haya-tab/pkg/store/locale.go:45.12,46.17 1 0
haya-tab/pkg/store/locale.go:47.12,48.14 1 0
haya-tab/pkg/store/locale.go:51.2,51.13 1 0
haya-tab/pkg/store/locale_windows.go:12.39,21.14 5 39
haya-tab/pkg/store/locale_windows.go:21.14,23.3 1 0
haya-tab/pkg/store/locale_windows.go:25.2,25.54 1 39
haya-tab/pkg/store/migration.go:10.57,13.24 2 5
haya-tab/pkg/store/migration.go:13.24,15.3 1 1
haya-tab/pkg/store/migration.go:16.2,16.16 1 4
haya-tab/pkg/store/migration.go:16.16,18.3 1 0
haya-tab/pkg/store/migration.go:21.2,27.53 2 4
haya-tab/pkg/store/migration.go:27.53,30.55 2 2
haya-tab/pkg/store/migration.go:30.55,32.4 1 1
haya-tab/pkg/store/migration.go:32.9,34.4 1 1
haya-tab/pkg/store/migration.go:38.2,38.33 1 3
haya-tab/pkg/store/migration.go:38.33,39.39 1 5
haya-tab/pkg/store/migration.go:39.39,41.4 1 0
haya-tab/pkg/store/migration.go:45.2,45.39 1 3
haya-tab/pkg/store/migration.go:45.39,46.44 1 2
haya-tab/pkg/store/migration.go:46.44,48.4 1 0
haya-tab/pkg/store/migration.go:52.2,52.67 1 3
haya-tab/pkg/store/migration.go:52.67,53.58 1 1
haya-tab/pkg/store/migration.go:53.58,55.4 1 0
haya-tab/pkg/store/migration.go:59.2,60.56 2 3
haya-tab/pkg/store/migration.go:60.56,62.3 1 0
haya-tab/pkg/store/migration.go:64.2,65.12 2 3
haya-tab/pkg/watcher/watcher.go:32.51,38.2 1 10
haya-tab/pkg/watcher/watcher.go:41.43,43.2 1 6
haya-tab/pkg/watcher/watcher.go:46.37,50.15 3 8
haya-tab/pkg/watcher/watcher.go:50.15,52.3 1 1
haya-tab/pkg/watcher/watcher.go:54.2,55.16 2 7
haya-tab/pkg/watcher/watcher.go:55.16,57.3 1 0
haya-tab/pkg/watcher/watcher.go:59.2,65.12 5 7
haya-tab/pkg/watcher/watcher.go:69.30,73.16 3 8
haya-tab/pkg/watcher/watcher.go:73.16,75.3 1 1
haya-tab/pkg/watcher/watcher.go:77.2,80.22 3 7
haya-tab/pkg/watcher/watcher.go:80.22,83.3 2 7
haya-tab/pkg/watcher/watcher.go:87.50,91.22 3 5
haya-tab/pkg/watcher/watcher.go:91.22,93.3 1 1
haya-tab/pkg/watcher/watcher.go:96.2,96.28 1 4
haya-tab/pkg/watcher/watcher.go:96.28,97.16 1 0
haya-tab/pkg/watcher/watcher.go:97.16,99.4 1 0
haya-tab/pkg/watcher/watcher.go:102.2,102.44 1 4
haya-tab/pkg/watcher/watcher.go:102.44,104.3 1 0
haya-tab/pkg/watcher/watcher.go:106.2,107.21 2 4
haya-tab/pkg/watcher/watcher.go:107.21,109.3 1 4
haya-tab/pkg/watcher/watcher.go:110.2,110.12 1 4
haya-tab/pkg/watcher/watcher.go:114.53,118.22 3 1
haya-tab/pkg/watcher/watcher.go:118.22,120.3 1 0
haya-tab/pkg/watcher/watcher.go:122.2,122.47 1 1
haya-tab/pkg/watcher/watcher.go:122.47,124.3 1 0
haya-tab/pkg/watcher/watcher.go:127.2,128.28 2 1
haya-tab/pkg/watcher/watcher.go:128.28,129.16 1 1
haya-tab/pkg/watcher/watcher.go:129.16,131.4 1 0
haya-tab/pkg/watcher/watcher.go:133.2,135.12 2 1
haya-tab/pkg/watcher/watcher.go:139.54,143.22 3 2
haya-tab/pkg/watcher/watcher.go:143.22,145.3 1 1
haya-tab/pkg/watcher/watcher.go:148.2,148.28 1 1
haya-tab/pkg/watcher/watcher.go:148.28,150.3 1 0
haya-tab/pkg/watcher/watcher.go:151.2,154.29 2 1
haya-tab/pkg/watcher/watcher.go:154.29,155.45 1 2
haya-tab/pkg/watcher/watcher.go:155.45,156.23 1 0
haya-tab/pkg/watcher/watcher.go:156.23,158.5 1 0
haya-tab/pkg/watcher/watcher.go:159.4,159.12 1 0
haya-tab/pkg/watcher/watcher.go:161.3,162.22 2 2
haya-tab/pkg/watcher/watcher.go:162.22,164.4 1 2
haya-tab/pkg/watcher/watcher.go:167.2,167.12 1 1
haya-tab/pkg/watcher/watcher.go:171.43,175.2 3 3
haya-tab/pkg/watcher/watcher.go:178.40,182.2 3 4
haya-tab/pkg/watcher/watcher.go:185.39,188.2 2 39
haya-tab/pkg/watcher/watcher.go:190.35,194.6 3 7
haya-tab/pkg/watcher/watcher.go:194.6,195.10 1 32
haya-tab/pkg/watcher/watcher.go:196.21,197.28 1 7
haya-tab/pkg/watcher/watcher.go:197.28,199.5 1 2
haya-tab/pkg/watcher/watcher.go:200.4,200.10 1 7
haya-tab/pkg/watcher/watcher.go:202.40,203.11 1 25
haya-tab/pkg/watcher/watcher.go:203.11,205.5 1 0
haya-tab/pkg/watcher/watcher.go:208.4,208.35 1 25
haya-tab/pkg/watcher/watcher.go:208.35,209.13 1 7
haya-tab/pkg/watcher/watcher.go:213.4,213.86 1 18
haya-tab/pkg/watcher/watcher.go:213.86,214.13 1 0
haya-tab/pkg/watcher/watcher.go:217.4,217.23 1 18
haya-tab/pkg/watcher/watcher.go:217.23,219.5 1 18
haya-tab/pkg/watcher/watcher.go:222.4,223.28 2 18
haya-tab/pkg/watcher/watcher.go:223.28,225.5 1 16
haya-tab/pkg/watcher/watcher.go:226.4,226.88 1 18
haya-tab/pkg/watcher/watcher.go:226.88,227.43 1 2
haya-tab/pkg/watcher/watcher.go:227.43,230.6 2 2
haya-tab/pkg/watcher/watcher.go:233.38,234.11 1 0
haya-tab/pkg/watcher/watcher.go:234.11,236.5 1 0
haya-tab/pkg/watcher/watcher.go:237.4,237.23 1 0
haya-tab/pkg/watcher/watcher.go:237.23,239.5 1 0
haya-tab/internal/app/app.go:36.25,38.16 2 1
haya-tab/internal/app/app.go:38.16,40.17 2 0
haya-tab/internal/app/app.go:40.17,45.4 4 0
haya-tab/internal/app/app.go:46.3,48.20 3 0
haya-tab/internal/app/app.go:50.2,54.19 3 1
haya-tab/internal/app/app.go:58.38,59.20 1 23
haya-tab/internal/app/app.go:59.20,61.33 2 23
haya-tab/internal/app/app.go:61.33,64.4 2 23
haya-tab/internal/app/app.go:66.2,68.12 3 0
haya-tab/internal/app/app.go:72.37,73.20 1 7
haya-tab/internal/app/app.go:73.20,75.32 2 7
haya-tab/internal/app/app.go:75.32,78.4 2 7
haya-tab/internal/app/app.go:80.2,82.12 3 0
haya-tab/internal/app/app.go:86.66,87.30 1 6
haya-tab/internal/app/app.go:87.30,89.3 1 2
haya-tab/internal/app/app.go:90.2,90.26 1 4
haya-tab/internal/app/app.go:90.26,92.3 1 1
haya-tab/internal/app/app.go:93.2,93.47 1 3
haya-tab/internal/app/app.go:97.52,98.16 1 3
haya-tab/internal/app/app.go:98.16,100.3 1 1
haya-tab/internal/app/app.go:101.2,101.26 1 2
haya-tab/internal/app/app.go:101.26,103.3 1 1
haya-tab/internal/app/app.go:104.2,104.46 1 1
haya-tab/internal/app/app.go:108.38,110.2 1 0
haya-tab/internal/app/app.go:113.26,116.2 2 17
haya-tab/internal/app/app.go:119.38,121.16 2 5
haya-tab/internal/app/app.go:121.16,123.3 1 1
haya-tab/internal/app/app.go:124.2,127.16 3 4
haya-tab/internal/app/app.go:127.16,129.3 1 1
haya-tab/internal/app/app.go:130.2,133.12 3 3
haya-tab/internal/app/app.go:142.70,143.18 1 0
haya-tab/internal/app/app.go:143.18,145.3 1 0
haya-tab/internal/app/app.go:150.61,151.18 1 12
haya-tab/internal/app/app.go:151.18,153.3 1 0
haya-tab/internal/app/app.go:173.20,175.2 1 3
haya-tab/internal/app/app.go:178.43,180.2 1 2
haya-tab/internal/app/app.go:183.39,185.2 1 2
haya-tab/internal/app/app.go:188.45,190.12 1 0
haya-tab/internal/app/app.go:190.12,191.46 1 0
haya-tab/internal/app/app.go:191.46,193.4 1 0
haya-tab/internal/app/app.go:197.2,197.32 1 0
haya-tab/internal/app/app.go:202.44,215.35 7 0
haya-tab/internal/app/app.go:215.35,216.48 1 0
haya-tab/internal/app/app.go:216.48,218.4 1 0
haya-tab/internal/app/app.go:218.9,220.4 1 0
haya-tab/internal/app/app.go:223.2,228.45 5 0
haya-tab/internal/app/app.go:228.45,231.3 2 0
haya-tab/internal/app/app.go:234.2,238.24 3 0
haya-tab/internal/app/app.go:238.24,239.66 1 0
haya-tab/internal/app/app.go:239.66,241.4 1 0
haya-tab/internal/app/app.go:245.2,247.57 3 0
haya-tab/internal/app/app.go:247.57,249.3 1 0
haya-tab/internal/app/app.go:252.2,280.21 15 0
haya-tab/internal/app/app.go:284.29,289.31 3 0
haya-tab/internal/app/app.go:289.31,291.3 1 0
haya-tab/internal/app/app.go:293.2,297.36 4 0
haya-tab/internal/app/app.go:298.17,299.20 1 0
haya-tab/internal/app/app.go:300.16,303.27 3 0
haya-tab/internal/app/app.go:303.27,305.4 1 0
haya-tab/internal/app/app.go:306.17,307.71 1 0
haya-tab/internal/app/app.go:307.71,309.4 1 0
haya-tab/internal/app/app.go:310.16,311.36 1 0
haya-tab/internal/app/app.go:311.36,313.4 1 0
haya-tab/internal/app/app.go:314.10,315.20 1 0
haya-tab/internal/app/app.go:318.2,318.16 1 0
haya-tab/internal/app/app.go:318.16,321.3 2 0
haya-tab/internal/app/app.go:325.39,330.16 3 0
haya-tab/internal/app/app.go:330.16,333.3 2 0
haya-tab/internal/app/app.go:335.2,335.20 1 0
haya-tab/internal/app/app.go:335.20,338.3 2 0
haya-tab/internal/app/app.go:340.2,344.27 2 0
haya-tab/internal/app/app.go:344.27,345.23 1 0
haya-tab/internal/app/app.go:345.23,350.4 1 0
haya-tab/internal/app/app.go:353.2,353.72 1 0
haya-tab/internal/app/app.go:357.34,362.16 3 0
haya-tab/internal/app/app.go:362.16,365.3 2 0
haya-tab/internal/app/app.go:367.2,367.20 1 0
haya-tab/internal/app/app.go:367.20,370.3 2 0
haya-tab/internal/app/app.go:372.2,376.27 3 0
haya-tab/internal/app/app.go:376.27,378.69 2 0
haya-tab/internal/app/app.go:378.69,380.12 2 0
haya-tab/internal/app/app.go:382.3,382.12 1 0
haya-tab/internal/app/app.go:385.2,385.86 1 0
haya-tab/internal/app/app.go:389.33,391.33 2 0
haya-tab/internal/app/app.go:391.33,392.49 1 0
haya-tab/internal/app/app.go:392.49,395.4 1 0
haya-tab/internal/app/app.go:396.3,398.47 2 0
haya-tab/internal/app/app.go:398.47,400.4 1 0
haya-tab/internal/app/app.go:400.9,402.44 1 0
haya-tab/internal/app/app.go:402.44,403.55 1 0
haya-tab/internal/app/app.go:403.55,405.6 1 0
haya-tab/internal/app/app.go:412.45,414.31 1 1
haya-tab/internal/app/app.go:414.31,416.52 2 0
haya-tab/internal/app/app.go:416.52,418.4 1 0
haya-tab/internal/app/app.go:422.2,422.23 1 1
haya-tab/internal/app/app.go:422.23,424.3 1 0
haya-tab/internal/app/app.go:427.2,427.24 1 1
haya-tab/internal/app/app.go:427.24,429.3 1 0
haya-tab/internal/app/app.go:432.2,432.26 1 1
haya-tab/internal/app/app.go:432.26,434.3 1 0
haya-tab/internal/app/app.go:436.2,436.20 1 1
haya-tab/internal/app/app.go:436.20,438.3 1 0
haya-tab/internal/app/app.go:440.2,440.21 1 1
haya-tab/internal/app/app.go:440.21,442.3 1 0
haya-tab/internal/app/app_annotations.go:17.86,18.56 1 0
haya-tab/internal/app/app_annotations.go:18.56,20.3 1 0
haya-tab/internal/app/app_annotations.go:22.2,23.39 2 0
haya-tab/internal/app/app_annotations.go:23.39,25.3 1 0
haya-tab/internal/app/app_annotations.go:26.2,26.24 1 0
haya-tab/internal/app/app_annotations.go:26.24,28.3 1 0
haya-tab/internal/app/app_annotations.go:30.2,33.113 4 0
haya-tab/internal/app/app_annotations.go:33.113,35.3 1 0
haya-tab/internal/app/app_annotations.go:37.2,38.56 2 0
haya-tab/internal/app/app_annotations.go:38.56,40.3 1 0
haya-tab/internal/app/app_annotations.go:42.2,44.25 3 0
haya-tab/internal/app/app_annotations.go:49.44,50.16 1 0
haya-tab/internal/app/app_annotations.go:50.16,52.3 1 0
haya-tab/internal/app/app_annotations.go:53.2,54.111 2 0
haya-tab/internal/app/app_annotations.go:59.85,61.57 2 0
haya-tab/internal/app/app_annotations.go:61.57,63.3 1 0
haya-tab/internal/app/app_annotations.go:65.2,66.30 2 0
haya-tab/internal/app/app_annotations.go:66.30,68.3 1 0
haya-tab/internal/app/app_annotations.go:70.2,71.9 2 0
haya-tab/internal/app/app_annotations.go:71.9,73.3 1 0
haya-tab/internal/app/app_annotations.go:75.2,81.72 2 0
haya-tab/internal/app/app_annotations.go:81.72,84.3 2 0
haya-tab/internal/app/app_annotations.go:86.2,86.83 1 0
haya-tab/internal/app/app_annotations.go:91.86,93.57 2 0
haya-tab/internal/app/app_annotations.go:93.57,95.3 1 0
haya-tab/internal/app/app_annotations.go:97.2,98.30 2 0
haya-tab/internal/app/app_annotations.go:98.30,100.3 1 0
haya-tab/internal/app/app_annotations.go:102.2,103.9 2 0
haya-tab/internal/app/app_annotations.go:103.9,105.3 1 0
haya-tab/internal/app/app_annotations.go:107.2,114.16 3 0
haya-tab/internal/app/app_annotations.go:114.16,115.34 1 0
haya-tab/internal/app/app_annotations.go:115.34,117.4 1 0
haya-tab/internal/app/app_annotations.go:118.3,118.19 1 0
haya-tab/internal/app/app_annotations.go:121.2,122.20 2 0
haya-tab/internal/app/app_annotations.go:122.20,124.3 1 0
haya-tab/internal/app/app_annotations.go:126.2,126.79 1 0
haya-tab/internal/app/app_annotations.go:126.79,128.3 1 0
haya-tab/internal/app/app_annotations.go:130.2,130.23 1 0
haya-tab/internal/app/app_categories.go:10.48,12.16 2 2
haya-tab/internal/app/app_categories.go:12.16,15.3 2 0
haya-tab/internal/app/app_categories.go:16.2,16.19 1 2
haya-tab/internal/app/app_categories.go:20.63,22.16 2 1
haya-tab/internal/app/app_categories.go:22.16,25.3 2 0
haya-tab/internal/app/app_categories.go:26.2,26.19 1 1
haya-tab/internal/app/app_categories.go:30.53,32.18 1 2
haya-tab/internal/app/app_categories.go:32.18,34.3 1 1
haya-tab/internal/app/app_categories.go:35.2,35.33 1 2
haya-tab/internal/app/app_categories.go:39.47,41.2 1 1
haya-tab/internal/app/app_categories.go:44.58,45.23 1 2
haya-tab/internal/app/app_categories.go:45.23,47.3 1 1
haya-tab/internal/app/app_categories.go:49.2,49.46 1 1
haya-tab/internal/app/app_files.go:12.37,16.16 2 0
haya-tab/internal/app/app_files.go:16.16,18.3 1 0
haya-tab/internal/app/app_files.go:19.2,19.18 1 0
haya-tab/internal/app/app_files.go:23.38,31.16 2 0
haya-tab/internal/app/app_files.go:31.16,33.3 1 0
haya-tab/internal/app/app_files.go:34.2,34.18 1 0
haya-tab/internal/app/app_files.go:38.36,46.16 2 0
haya-tab/internal/app/app_files.go:46.16,48.3 1 0
haya-tab/internal/app/app_files.go:49.2,49.18 1 0
haya-tab/internal/app/app_files.go:53.44,54.16 1 3
haya-tab/internal/app/app_files.go:54.16,56.3 1 1
haya-tab/internal/app/app_files.go:57.2,58.16 2 2
haya-tab/internal/app/app_files.go:58.16,60.3 1 1
haya-tab/internal/app/app_files.go:61.2,61.48 1 1
haya-tab/internal/app/app_files.go:65.46,67.2 1 3
haya-tab/internal/app/app_files.go:72.45,73.28 1 0
haya-tab/internal/app/app_files.go:73.28,75.3 1 0
haya-tab/internal/app/app_files.go:76.2,76.36 1 0
haya-tab/internal/app/app_migration.go:19.70,21.16 2 8
haya-tab/internal/app/app_migration.go:22.17,23.34 1 5
haya-tab/internal/app/app_migration.go:24.16,25.33 1 2
haya-tab/internal/app/app_migration.go:26.10,27.69 1 1
haya-tab/internal/app/app_migration.go:30.2,34.16 4 7
haya-tab/internal/app/app_migration.go:34.16,35.25 1 0
haya-tab/internal/app/app_migration.go:35.25,37.4 1 0
haya-tab/internal/app/app_migration.go:38.3,38.32 1 0
haya-tab/internal/app/app_migration.go:41.2,41.32 1 7
haya-tab/internal/app/app_migration.go:41.32,42.20 1 8
haya-tab/internal/app/app_migration.go:42.20,43.12 1 0
haya-tab/internal/app/app_migration.go:45.3,46.17 2 8
haya-tab/internal/app/app_migration.go:46.17,47.12 1 0
haya-tab/internal/app/app_migration.go:49.3,50.22 2 8
haya-tab/internal/app/app_migration.go:53.2,53.55 1 7
haya-tab/internal/app/app_migration.go:57.79,61.16 3 6
haya-tab/internal/app/app_migration.go:62.17,63.34 1 4
haya-tab/internal/app/app_migration.go:64.16,65.33 1 1
haya-tab/internal/app/app_migration.go:66.10,67.50 1 1
haya-tab/internal/app/app_migration.go:71.2,71.77 1 5
haya-tab/internal/app/app_migration.go:71.77,73.26 1 1
haya-tab/internal/app/app_migration.go:73.26,75.4 1 1
haya-tab/internal/app/app_migration.go:75.9,77.4 1 0
haya-tab/internal/app/app_migration.go:78.3,78.34 1 1
haya-tab/internal/app/app_migration.go:82.2,82.51 1 4
haya-tab/internal/app/app_migration.go:82.51,84.3 1 0
haya-tab/internal/app/app_migration.go:87.2,88.16 2 4
haya-tab/internal/app/app_migration.go:88.16,90.3 1 0
haya-tab/internal/app/app_migration.go:91.2,94.15 3 4
haya-tab/internal/app/app_migration.go:94.15,97.69 2 3
haya-tab/internal/app/app_migration.go:97.69,99.4 1 0
haya-tab/internal/app/app_migration.go:102.3,102.27 1 3
haya-tab/internal/app/app_migration.go:102.27,105.4 2 0
haya-tab/internal/app/app_migration.go:109.3,113.17 3 3
haya-tab/internal/app/app_migration.go:113.17,115.4 1 0
haya-tab/internal/app/app_migration.go:117.3,117.33 1 3
haya-tab/internal/app/app_migration.go:117.33,118.21 1 4
haya-tab/internal/app/app_migration.go:118.21,119.13 1 0
haya-tab/internal/app/app_migration.go:122.4,126.60 3 4
haya-tab/internal/app/app_migration.go:126.60,128.36 1 0
haya-tab/internal/app/app_migration.go:128.36,130.6 1 0
haya-tab/internal/app/app_migration.go:131.5,131.123 1 0
haya-tab/internal/app/app_migration.go:133.4,133.47 1 4
haya-tab/internal/app/app_migration.go:137.3,138.32 2 3
haya-tab/internal/app/app_migration.go:138.32,140.35 1 0
haya-tab/internal/app/app_migration.go:140.35,142.5 1 0
haya-tab/internal/app/app_migration.go:143.4,143.117 1 0
haya-tab/internal/app/app_migration.go:150.3,150.17 1 3
haya-tab/internal/app/app_migration.go:151.18,153.27 2 2
haya-tab/internal/app/app_migration.go:153.27,154.50 1 0
haya-tab/internal/app/app_migration.go:154.50,158.6 2 0
haya-tab/internal/app/app_migration.go:160.17,162.27 2 1
haya-tab/internal/app/app_migration.go:162.27,163.57 1 0
haya-tab/internal/app/app_migration.go:163.57,166.6 2 0
haya-tab/internal/app/app_migration.go:171.3,171.16 1 3
haya-tab/internal/app/app_migration.go:171.16,172.34 1 2
haya-tab/internal/app/app_migration.go:172.34,173.22 1 3
haya-tab/internal/app/app_migration.go:173.22,174.14 1 0
haya-tab/internal/app/app_migration.go:176.5,176.56 1 3
haya-tab/internal/app/app_migration.go:180.4,180.26 1 2
haya-tab/internal/app/app_migration.go:185.2,185.25 1 4
haya-tab/internal/app/app_migration.go:185.25,187.3 1 3
haya-tab/internal/app/app_migration.go:187.8,189.3 1 1
haya-tab/internal/app/app_migration.go:191.2,191.49 1 4
haya-tab/internal/app/app_migration.go:191.49,193.3 1 0
haya-tab/internal/app/app_migration.go:196.2,199.12 3 4
haya-tab/internal/app/app_migration.go:202.51,204.16 2 6
haya-tab/internal/app/app_migration.go:204.16,206.3 1 1
haya-tab/internal/app/app_migration.go:207.2,210.16 3 5
haya-tab/internal/app/app_migration.go:210.16,212.3 1 0
haya-tab/internal/app/app_migration.go:213.2,216.12 3 5
haya-tab/internal/app/app_migration.go:219.60,223.16 4 6
haya-tab/internal/app/app_migration.go:223.16,225.3 1 1
haya-tab/internal/app/app_migration.go:226.2,226.32 1 5
haya-tab/internal/app/app_migration.go:226.32,227.20 1 7
haya-tab/internal/app/app_migration.go:227.20,228.12 1 1
haya-tab/internal/app/app_migration.go:230.3,231.17 2 6
haya-tab/internal/app/app_migration.go:231.17,232.12 1 0
haya-tab/internal/app/app_migration.go:234.3,235.22 2 6
haya-tab/internal/app/app_migration.go:237.2,237.25 1 5
haya-tab/internal/app/app_plugins.go:6.41,7.28 1 0
haya-tab/internal/app/app_plugins.go:7.28,9.3 1 0
haya-tab/internal/app/app_plugins.go:10.2,10.37 1 0
haya-tab/internal/app/app_plugins.go:14.91,15.28 1 0
haya-tab/internal/app/app_plugins.go:15.28,17.3 1 0
haya-tab/internal/app/app_plugins.go:18.2,18.64 1 0
haya-tab/internal/app/app_plugins.go:22.33,23.28 1 0
haya-tab/internal/app/app_plugins.go:23.28,25.3 1 0
haya-tab/internal/app/app_plugins.go:26.2,26.37 1 0
haya-tab/internal/app/app_settings.go:12.44,14.2 1 25
haya-tab/internal/app/app_settings.go:17.52,19.21 1 16
haya-tab/internal/app/app_settings.go:19.21,20.53 1 3
haya-tab/internal/app/app_settings.go:20.53,22.4 1 0
haya-tab/internal/app/app_settings.go:26.2,27.50 2 16
haya-tab/internal/app/app_settings.go:27.50,29.3 1 0
haya-tab/internal/app/app_settings.go:32.2,38.59 2 16
haya-tab/internal/app/app_settings.go:38.59,40.13 2 1
haya-tab/internal/app/app_settings.go:40.13,41.47 1 1
haya-tab/internal/app/app_settings.go:41.47,43.5 1 1
haya-tab/internal/app/app_settings.go:48.2,48.45 1 16
haya-tab/internal/app/app_settings.go:48.45,49.27 1 2
haya-tab/internal/app/app_settings.go:49.27,51.50 1 2
haya-tab/internal/app/app_settings.go:51.50,53.5 1 0
haya-tab/internal/app/app_settings.go:54.4,56.48 2 2
haya-tab/internal/app/app_settings.go:56.48,58.5 1 0
haya-tab/internal/app/app_settings.go:62.3,62.56 1 2
haya-tab/internal/app/app_settings.go:62.56,63.62 1 2
haya-tab/internal/app/app_settings.go:63.62,65.5 1 0
haya-tab/internal/app/app_settings.go:67.8,67.33 1 14
haya-tab/internal/app/app_settings.go:67.33,71.3 2 2
haya-tab/internal/app/app_settings.go:74.2,75.19 2 16
haya-tab/internal/app/app_settings.go:75.19,76.40 1 12
haya-tab/internal/app/app_settings.go:76.40,77.50 1 0
haya-tab/internal/app/app_settings.go:77.50,79.10 2 0
haya-tab/internal/app/app_settings.go:84.2,84.61 1 16
haya-tab/internal/app/app_settings.go:84.61,86.3 1 2
haya-tab/internal/app/app_settings.go:88.2,88.12 1 16
haya-tab/internal/app/app_settings.go:92.62,94.2 1 3
haya-tab/internal/app/app_settings.go:97.70,99.27 1 6
haya-tab/internal/app/app_settings.go:99.27,101.3 1 0
haya-tab/internal/app/app_settings.go:102.2,102.21 1 6
haya-tab/internal/app/app_settings.go:102.21,104.3 1 0
haya-tab/internal/app/app_settings.go:105.2,105.25 1 6
haya-tab/internal/app/app_settings.go:105.25,107.3 1 0
haya-tab/internal/app/app_settings.go:110.2,110.21 1 6
haya-tab/internal/app/app_settings.go:110.21,112.3 1 1
haya-tab/internal/app/app_settings.go:114.2,115.16 2 5
haya-tab/internal/app/app_settings.go:115.16,117.3 1 0
haya-tab/internal/app/app_settings.go:119.2,119.47 1 5
haya-tab/internal/app/app_settings.go:119.47,121.3 1 0
haya-tab/internal/app/app_settings.go:124.2,124.20 1 5
haya-tab/internal/app/app_settings.go:124.20,126.17 2 4
haya-tab/internal/app/app_settings.go:126.17,128.4 1 0
haya-tab/internal/app/app_settings.go:129.3,129.31 1 4
haya-tab/internal/app/app_settings.go:129.31,131.4 1 0
haya-tab/internal/app/app_settings.go:134.2,134.12 1 5
haya-tab/internal/app/app_tabs.go:26.37,28.16 2 2
haya-tab/internal/app/app_tabs.go:28.16,31.3 2 0
haya-tab/internal/app/app_tabs.go:32.2,32.13 1 2
haya-tab/internal/app/app_tabs.go:36.168,37.14 1 4
haya-tab/internal/app/app_tabs.go:37.14,39.3 1 1
haya-tab/internal/app/app_tabs.go:40.2,40.36 1 4
haya-tab/internal/app/app_tabs.go:40.36,42.3 1 1
haya-tab/internal/app/app_tabs.go:44.2,44.24 1 4
haya-tab/internal/app/app_tabs.go:44.24,46.3 1 4
haya-tab/internal/app/app_tabs.go:47.2,50.16 3 4
haya-tab/internal/app/app_tabs.go:50.16,59.3 2 0
haya-tab/internal/app/app_tabs.go:61.2,67.3 1 4
haya-tab/internal/app/app_tabs.go:71.52,73.16 2 1
haya-tab/internal/app/app_tabs.go:73.16,76.3 2 0
haya-tab/internal/app/app_tabs.go:77.2,77.13 1 1
haya-tab/internal/app/app_tabs.go:83.75,86.16 2 2
haya-tab/internal/app/app_tabs.go:86.16,88.3 1 0
haya-tab/internal/app/app_tabs.go:89.2,89.27 1 2
haya-tab/internal/app/app_tabs.go:89.27,91.3 1 0
haya-tab/internal/app/app_tabs.go:94.2,95.16 2 2
haya-tab/internal/app/app_tabs.go:95.16,97.3 1 0
haya-tab/internal/app/app_tabs.go:98.2,98.28 1 2
haya-tab/internal/app/app_tabs.go:98.28,100.3 1 0
haya-tab/internal/app/app_tabs.go:103.2,103.16 1 2
haya-tab/internal/app/app_tabs.go:103.16,110.17 6 2
haya-tab/internal/app/app_tabs.go:110.17,112.4 1 1
haya-tab/internal/app/app_tabs.go:113.3,116.17 3 1
haya-tab/internal/app/app_tabs.go:116.17,118.4 1 0
haya-tab/internal/app/app_tabs.go:119.3,121.45 2 1
haya-tab/internal/app/app_tabs.go:121.45,123.4 1 0
haya-tab/internal/app/app_tabs.go:126.3,127.23 2 1
haya-tab/internal/app/app_tabs.go:128.8,130.3 1 0
haya-tab/internal/app/app_tabs.go:132.2,132.22 1 1
haya-tab/internal/app/app_tabs.go:132.22,134.3 1 1
haya-tab/internal/app/app_tabs.go:137.2,140.44 2 1
haya-tab/internal/app/app_tabs.go:140.44,142.3 1 0
haya-tab/internal/app/app_tabs.go:145.2,147.18 2 1
haya-tab/internal/app/app_tabs.go:151.46,154.16 2 2
haya-tab/internal/app/app_tabs.go:154.16,156.3 1 0
haya-tab/internal/app/app_tabs.go:157.2,157.21 1 2
haya-tab/internal/app/app_tabs.go:157.21,159.3 1 1
haya-tab/internal/app/app_tabs.go:162.2,164.44 2 1
haya-tab/internal/app/app_tabs.go:164.44,166.3 1 0
haya-tab/internal/app/app_tabs.go:169.2,169.39 1 1
haya-tab/internal/app/app_tabs.go:169.39,171.3 1 0
haya-tab/internal/app/app_tabs.go:174.2,179.12 3 1
haya-tab/internal/app/app_tabs.go:187.93,190.16 2 1
haya-tab/internal/app/app_tabs.go:190.16,192.3 1 0
haya-tab/internal/app/app_tabs.go:193.2,193.23 1 1
haya-tab/internal/app/app_tabs.go:193.23,195.3 1 0
haya-tab/internal/app/app_tabs.go:197.2,201.39 3 1
haya-tab/internal/app/app_tabs.go:201.39,204.3 2 0
haya-tab/internal/app/app_tabs.go:207.2,207.38 1 1
haya-tab/internal/app/app_tabs.go:207.38,209.20 2 3
haya-tab/internal/app/app_tabs.go:209.20,211.4 1 0
haya-tab/internal/app/app_tabs.go:213.3,214.71 2 3
haya-tab/internal/app/app_tabs.go:214.71,216.4 1 0
haya-tab/internal/app/app_tabs.go:217.3,217.14 1 3
haya-tab/internal/app/app_tabs.go:221.2,221.44 1 1
haya-tab/internal/app/app_tabs.go:221.44,223.3 1 3
haya-tab/internal/app/app_tabs.go:227.2,227.25 1 1
haya-tab/internal/app/app_tabs.go:227.25,228.57 1 1
haya-tab/internal/app/app_tabs.go:228.57,232.4 3 1
haya-tab/internal/app/app_tabs.go:232.9,232.45 1 0
haya-tab/internal/app/app_tabs.go:232.45,236.4 3 0
haya-tab/internal/app/app_tabs.go:240.2,240.26 1 1
haya-tab/internal/app/app_tabs.go:240.26,241.59 1 1
haya-tab/internal/app/app_tabs.go:241.59,245.4 3 1
haya-tab/internal/app/app_tabs.go:245.9,245.46 1 0
haya-tab/internal/app/app_tabs.go:245.46,249.4 3 0
haya-tab/internal/app/app_tabs.go:253.2,253.25 1 1
haya-tab/internal/app/app_tabs.go:253.25,254.57 1 1
haya-tab/internal/app/app_tabs.go:254.57,258.4 3 1
haya-tab/internal/app/app_tabs.go:258.9,258.45 1 0
haya-tab/internal/app/app_tabs.go:258.45,262.4 3 0
haya-tab/internal/app/app_tabs.go:265.2,265.17 1 1
haya-tab/internal/app/app_tabs.go:265.17,269.56 2 1
haya-tab/internal/app/app_tabs.go:269.56,271.4 1 0
haya-tab/internal/app/app_tabs.go:274.3,274.32 1 1
haya-tab/internal/app/app_tabs.go:274.32,276.4 1 0
haya-tab/internal/app/app_tabs.go:279.3,282.60 2 1
haya-tab/internal/app/app_tabs.go:282.60,284.4 1 1
haya-tab/internal/app/app_tabs.go:287.2,287.12 1 1
haya-tab/internal/app/app_tabs.go:291.42,294.16 2 3
haya-tab/internal/app/app_tabs.go:294.16,296.3 1 0
haya-tab/internal/app/app_tabs.go:297.2,297.22 1 3
haya-tab/internal/app/app_tabs.go:297.22,299.3 1 1
haya-tab/internal/app/app_tabs.go:301.2,301.25 1 2
haya-tab/internal/app/app_tabs.go:301.25,304.45 2 1
haya-tab/internal/app/app_tabs.go:304.45,306.4 1 0
haya-tab/internal/app/app_tabs.go:308.3,308.32 1 1
haya-tab/internal/app/app_tabs.go:308.32,311.4 2 0
haya-tab/internal/app/app_tabs.go:315.2,315.51 1 2
haya-tab/internal/app/app_tabs.go:315.51,317.3 1 0
haya-tab/internal/app/app_tabs.go:319.2,319.46 1 2
haya-tab/internal/app/app_tabs.go:319.46,321.3 1 0
haya-tab/internal/app/app_tabs.go:324.2,325.12 2 2
haya-tab/internal/app/app_tabs.go:329.58,336.25 4 1
haya-tab/internal/app/app_tabs.go:336.25,338.37 2 3
haya-tab/internal/app/app_tabs.go:338.37,339.12 1 1
haya-tab/internal/app/app_tabs.go:342.3,342.26 1 2
haya-tab/internal/app/app_tabs.go:342.26,345.46 2 0
haya-tab/internal/app/app_tabs.go:345.46,347.5 1 0
haya-tab/internal/app/app_tabs.go:349.4,349.33 1 0
haya-tab/internal/app/app_tabs.go:349.33,352.5 2 0
haya-tab/internal/app/app_tabs.go:356.3,356.52 1 2
haya-tab/internal/app/app_tabs.go:356.52,358.4 1 0
haya-tab/internal/app/app_tabs.go:360.3,360.47 1 2
haya-tab/internal/app/app_tabs.go:360.47,363.4 2 2
haya-tab/internal/app/app_tabs.go:367.2,367.43 1 1
haya-tab/internal/app/app_tabs.go:367.43,369.3 1 0
haya-tab/internal/app/app_tabs.go:372.2,372.17 1 1
haya-tab/internal/app/app_tabs.go:372.17,374.3 1 1
haya-tab/internal/app/app_tabs.go:376.2,376.21 1 1
haya-tab/internal/app/app_tabs.go:380.75,387.25 4 1
haya-tab/internal/app/app_tabs.go:387.25,391.23 2 2
haya-tab/internal/app/app_tabs.go:391.23,393.4 1 2
haya-tab/internal/app/app_tabs.go:394.3,394.79 1 2
haya-tab/internal/app/app_tabs.go:394.79,398.85 2 2
haya-tab/internal/app/app_tabs.go:398.85,400.5 1 0
haya-tab/internal/app/app_tabs.go:405.2,405.41 1 1
haya-tab/internal/app/app_tabs.go:405.41,407.3 1 0
haya-tab/internal/app/app_tabs.go:409.2,409.19 1 1
haya-tab/internal/app/app_tabs.go:413.84,420.25 4 1
haya-tab/internal/app/app_tabs.go:420.25,423.31 2 2
haya-tab/internal/app/app_tabs.go:423.31,424.12 1 1
haya-tab/internal/app/app_tabs.go:428.3,429.37 2 1
haya-tab/internal/app/app_tabs.go:429.37,430.23 1 0
haya-tab/internal/app/app_tabs.go:430.23,432.10 2 0
haya-tab/internal/app/app_tabs.go:435.3,435.13 1 1
haya-tab/internal/app/app_tabs.go:435.13,436.12 1 0
haya-tab/internal/app/app_tabs.go:439.3,440.82 2 1
haya-tab/internal/app/app_tabs.go:440.82,444.91 2 1
haya-tab/internal/app/app_tabs.go:444.91,446.5 1 0
haya-tab/internal/app/app_tabs.go:451.2,451.41 1 1
haya-tab/internal/app/app_tabs.go:451.41,453.3 1 0
haya-tab/internal/app/app_tabs.go:455.2,455.19 1 1
haya-tab/internal/app/app_tabs.go:459.55,461.22 2 1
haya-tab/internal/app/app_tabs.go:461.22,463.3 1 1
haya-tab/internal/app/app_tabs.go:464.2,465.16 2 1
haya-tab/internal/app/app_tabs.go:465.16,466.87 1 1
haya-tab/internal/app/app_tabs.go:466.87,468.4 1 0
haya-tab/internal/app/app_tabs.go:470.2,470.12 1 1
haya-tab/internal/app/app_tabs.go:474.77,476.16 2 1
haya-tab/internal/app/app_tabs.go:476.16,477.87 1 1
haya-tab/internal/app/app_tabs.go:477.87,479.4 1 0
haya-tab/internal/app/app_tabs.go:481.2,481.12 1 1
haya-tab/internal/app/app_tabs.go:485.64,487.16 2 3
haya-tab/internal/app/app_tabs.go:487.16,489.3 1 0
haya-tab/internal/app/app_tabs.go:490.2,490.16 1 3
haya-tab/internal/app/app_tabs.go:490.16,492.3 1 1
haya-tab/internal/app/app_tabs.go:495.2,495.36 1 2
haya-tab/internal/app/app_tabs.go:495.36,496.22 1 2
haya-tab/internal/app/app_tabs.go:496.22,498.4 1 1
haya-tab/internal/app/app_tabs.go:501.2,503.16 3 1
haya-tab/internal/app/app_tabs.go:503.16,504.93 1 1
haya-tab/internal/app/app_tabs.go:504.93,506.4 1 0
haya-tab/internal/app/app_tabs.go:508.2,508.12 1 1
haya-tab/internal/app/app_tabs.go:512.69,514.16 2 3
haya-tab/internal/app/app_tabs.go:514.16,516.3 1 0
haya-tab/internal/app/app_tabs.go:517.2,517.16 1 3
haya-tab/internal/app/app_tabs.go:517.16,519.3 1 1
haya-tab/internal/app/app_tabs.go:523.2,523.62 1 2
haya-tab/internal/app/app_tabs.go:523.62,525.3 1 0
haya-tab/internal/app/app_tabs.go:527.2,529.36 3 2
haya-tab/internal/app/app_tabs.go:529.36,530.22 1 3
haya-tab/internal/app/app_tabs.go:530.22,532.12 2 1
haya-tab/internal/app/app_tabs.go:534.3,534.31 1 2
haya-tab/internal/app/app_tabs.go:537.2,537.12 1 2
haya-tab/internal/app/app_tabs.go:537.12,539.3 1 1
haya-tab/internal/app/app_tabs.go:541.2,542.16 2 1
haya-tab/internal/app/app_tabs.go:542.16,543.93 1 1
haya-tab/internal/app/app_tabs.go:543.93,545.4 1 0
haya-tab/internal/app/app_tabs.go:547.2,547.12 1 1
haya-tab/internal/app/app_tabs.go:551.40,553.16 2 0
haya-tab/internal/app/app_tabs.go:553.16,555.3 1 0
haya-tab/internal/app/app_tabs.go:556.2,556.22 1 0
haya-tab/internal/app/app_tabs.go:556.22,558.3 1 0
haya-tab/internal/app/app_tabs.go:561.2,567.49 5 0
haya-tab/internal/app/app_tabs.go:567.49,569.3 1 0
haya-tab/internal/app/app_tabs.go:571.2,571.22 1 0
haya-tab/internal/app/app_tabs.go:572.17,573.70 1 0
haya-tab/internal/app/app_tabs.go:574.16,575.35 1 0
haya-tab/internal/app/app_tabs.go:576.10,577.39 1 0
haya-tab/internal/app/app_tabs.go:579.2,579.20 1 0
haya-tab/internal/app/app_tabs.go:583.45,585.16 2 1
haya-tab/internal/app/app_tabs.go:585.16,587.3 1 0
haya-tab/internal/app/app_tabs.go:588.2,588.22 1 1
haya-tab/internal/app/app_tabs.go:588.22,590.3 1 0
haya-tab/internal/app/app_tabs.go:592.2,593.38 2 1
haya-tab/internal/app/app_tabs.go:597.87,598.79 1 0
haya-tab/internal/app/app_tabs.go:598.79,600.3 1 0
haya-tab/internal/app/app_tabs.go:603.2,604.12 2 0
haya-tab/internal/app/app_tabs.go:609.79,611.16 2 0
haya-tab/internal/app/app_tabs.go:611.16,613.3 1 0
haya-tab/internal/app/app_tabs.go:616.2,616.41 1 0
haya-tab/internal/app/app_tabs.go:616.41,617.75 1 0
haya-tab/internal/app/app_tabs.go:617.75,619.4 1 0
haya-tab/internal/app/app_tabs.go:622.2,622.22 1 0
haya-tab/internal/app/app_tabs.go:626.53,628.16 2 2
haya-tab/internal/app/app_tabs.go:628.16,630.3 1 0
haya-tab/internal/app/app_tabs.go:632.2,633.27 2 2
haya-tab/internal/app/app_tabs.go:633.27,635.69 2 2
haya-tab/internal/app/app_tabs.go:635.69,636.23 1 0
haya-tab/internal/app/app_tabs.go:636.23,638.5 1 0
haya-tab/internal/app/app_tabs.go:639.4,639.12 1 0
haya-tab/internal/app/app_tabs.go:641.3,641.12 1 2
haya-tab/internal/app/app_tabs.go:644.2,644.21 1 2
haya-tab/internal/app/app_tabs.go:644.21,646.3 1 2
haya-tab/internal/app/app_tabs.go:647.2,647.21 1 2
haya-tab/internal/app/app_tabs.go:651.61,653.16 2 2
haya-tab/internal/app/app_tabs.go:653.16,655.3 1 0
haya-tab/internal/app/app_tabs.go:656.2,656.22 1 2
haya-tab/internal/app/app_tabs.go:656.22,658.3 1 1
haya-tab/internal/app/app_tabs.go:660.2,662.16 3 1
haya-tab/internal/app/app_tabs.go:662.16,664.3 1 0
haya-tab/internal/app/app_tabs.go:665.2,671.16 5 1
haya-tab/internal/app/app_tabs.go:671.16,673.3 1 0
haya-tab/internal/app/app_tabs.go:674.2,677.12 3 1
haya-tab/internal/app/app_tabs.go:681.50,683.2 1 0
haya-tab/internal/app/app_webdav.go:15.29,17.16 2 0
haya-tab/internal/app/app_webdav.go:17.16,19.3 1 0
haya-tab/internal/app/app_webdav.go:20.2,20.17 1 0
haya-tab/internal/app/app_webdav.go:24.70,26.62 1 3
haya-tab/internal/app/app_webdav.go:26.62,28.3 1 1
haya-tab/internal/app/app_webdav.go:30.2,35.16 4 2
haya-tab/internal/app/app_webdav.go:35.16,38.82 2 2
haya-tab/internal/app/app_webdav.go:38.82,40.4 1 0
haya-tab/internal/app/app_webdav.go:40.9,40.86 1 2
haya-tab/internal/app/app_webdav.go:40.86,42.4 1 0
haya-tab/internal/app/app_webdav.go:42.9,42.88 1 2
haya-tab/internal/app/app_webdav.go:42.88,44.4 1 0
haya-tab/internal/app/app_webdav.go:44.9,44.100 1 2
haya-tab/internal/app/app_webdav.go:44.100,46.4 1 2
haya-tab/internal/app/app_webdav.go:46.9,46.60 1 0
haya-tab/internal/app/app_webdav.go:46.60,48.4 1 0
haya-tab/internal/app/app_webdav.go:49.3,49.50 1 0
haya-tab/internal/app/app_webdav.go:52.2,52.12 1 0
haya-tab/internal/app/app_webdav.go:56.98,61.2 3 1
haya-tab/internal/app/app_webdav.go:64.94,68.2 3 1
haya-tab/internal/app/app_webdav.go:71.90,75.2 3 1
haya-tab/internal/app/app_webdav.go:78.91,88.12 4 0
haya-tab/internal/app/app_webdav.go:88.12,96.42 5 0
haya-tab/internal/app/app_webdav.go:96.42,103.32 5 0
haya-tab/internal/app/app_webdav.go:103.32,104.88 1 0
haya-tab/internal/app/app_webdav.go:104.88,105.48 1 0
haya-tab/internal/app/app_webdav.go:105.48,108.7 2 0
haya-tab/internal/app/app_webdav.go:112.4,112.22 1 0
haya-tab/internal/app/app_webdav.go:112.22,115.5 2 0
haya-tab/internal/app/app_webdav.go:118.4,119.18 2 0
haya-tab/internal/app/app_webdav.go:119.18,122.13 3 0
haya-tab/internal/app/app_webdav.go:124.4,128.68 3 0
haya-tab/internal/app/app_webdav.go:128.68,132.13 4 0
haya-tab/internal/app/app_webdav.go:136.4,139.29 2 0
haya-tab/internal/app/app_webdav.go:139.29,141.5 1 0
haya-tab/internal/app/app_webdav.go:144.4,144.22 1 0
haya-tab/internal/app/app_webdav.go:144.22,147.5 2 0
haya-tab/internal/app/app_webdav.go:150.4,151.18 2 0
haya-tab/internal/app/app_webdav.go:151.18,152.56 1 0
haya-tab/internal/app/app_webdav.go:152.56,155.6 2 0
haya-tab/internal/app/app_webdav.go:155.11,158.6 2 0
haya-tab/internal/app/app_webdav.go:160.5,160.24 1 0
haya-tab/internal/app/app_webdav.go:161.10,167.42 3 0
haya-tab/internal/app/app_webdav.go:167.42,169.6 1 0
haya-tab/internal/app/app_webdav.go:172.4,177.6 1 0
haya-tab/internal/app/app_webdav.go:180.3,188.23 2 0
haya-tab/internal/app/app_webdav.go:188.23,190.4 1 0
haya-tab/internal/app/app_webdav.go:193.2,193.12 1 0
haya-tab/internal/app/app_webdav.go:197.106,206.12 4 0
haya-tab/internal/app/app_webdav.go:206.12,211.17 3 0
haya-tab/internal/app/app_webdav.go:211.17,214.4 2 0
haya-tab/internal/app/app_webdav.go:217.3,219.26 3 0
haya-tab/internal/app/app_webdav.go:219.26,221.85 2 0
haya-tab/internal/app/app_webdav.go:221.85,222.47 1 0
haya-tab/internal/app/app_webdav.go:222.47,225.6 2 0
haya-tab/internal/app/app_webdav.go:229.3,229.40 1 0
haya-tab/internal/app/app_webdav.go:229.40,233.66 2 0
haya-tab/internal/app/app_webdav.go:233.66,235.5 1 0
haya-tab/internal/app/app_webdav.go:235.10,239.28 2 0
haya-tab/internal/app/app_webdav.go:239.28,245.20 4 0
haya-tab/internal/app/app_webdav.go:245.20,254.21 6 0
haya-tab/internal/app/app_webdav.go:254.21,256.8 1 0
haya-tab/internal/app/app_webdav.go:257.12,264.18 4 0
haya-tab/internal/app/app_webdav.go:265.19,266.24 1 0
haya-tab/internal/app/app_webdav.go:267.79,268.23 1 0
haya-tab/internal/app/app_webdav.go:273.6,275.28 3 0
haya-tab/internal/app/app_webdav.go:275.28,277.7 1 0
haya-tab/internal/app/app_webdav.go:278.6,293.22 4 0
haya-tab/internal/app/app_webdav.go:293.22,294.75 1 0
haya-tab/internal/app/app_webdav.go:294.75,296.8 1 0
haya-tab/internal/app/app_webdav.go:296.13,298.8 1 0
haya-tab/internal/app/app_webdav.go:303.4,308.6 1 0
haya-tab/internal/app/app_webdav.go:311.3,314.5 1 0
haya-tab/internal/app/app_webdav.go:317.2,317.12 1 0
haya-tab/internal/app/app_webdav.go:321.92,325.54 2 0
haya-tab/internal/app/app_webdav.go:325.54,327.3 1 0
haya-tab/internal/app/app_webdav.go:330.2,335.26 4 0
haya-tab/internal/app/app_webdav.go:335.26,338.3 2 0
haya-tab/internal/app/app_webdav.go:338.8,342.17 3 0
haya-tab/internal/app/app_webdav.go:342.17,345.4 2 0
haya-tab/internal/app/app_webdav.go:348.2,353.12 2 0
haya-tab/internal/app/app_webdav.go:353.12,364.42 6 0
haya-tab/internal/app/app_webdav.go:364.42,373.32 5 0
haya-tab/internal/app/app_webdav.go:373.32,374.88 1 0
haya-tab/internal/app/app_webdav.go:374.88,375.48 1 0
haya-tab/internal/app/app_webdav.go:375.48,378.7 2 0
haya-tab/internal/app/app_webdav.go:382.4,382.22 1 0
haya-tab/internal/app/app_webdav.go:382.22,386.5 2 0
haya-tab/internal/app/app_webdav.go:386.10,390.5 2 0
haya-tab/internal/app/app_webdav.go:393.4,394.22 2 0
haya-tab/internal/app/app_webdav.go:394.22,396.5 1 0
haya-tab/internal/app/app_webdav.go:396.10,398.5 1 0
haya-tab/internal/app/app_webdav.go:400.4,400.26 1 0
haya-tab/internal/app/app_webdav.go:400.26,409.13 4 0
haya-tab/internal/app/app_webdav.go:413.4,418.15 4 0
haya-tab/internal/app/app_webdav.go:419.16,420.21 1 0
haya-tab/internal/app/app_webdav.go:421.76,422.20 1 0
haya-tab/internal/app/app_webdav.go:426.4,439.30 2 0
haya-tab/internal/app/app_webdav.go:439.30,441.5 1 0
haya-tab/internal/app/app_webdav.go:444.4,450.22 3 0
haya-tab/internal/app/app_webdav.go:450.22,452.5 1 0
haya-tab/internal/app/app_webdav.go:454.4,459.6 1 0
haya-tab/internal/app/app_webdav.go:463.3,463.25 1 0
haya-tab/internal/app/app_webdav.go:463.25,465.18 2 0
haya-tab/internal/app/app_webdav.go:465.18,467.5 1 0
haya-tab/internal/app/app_webdav.go:467.10,470.5 2 0
haya-tab/internal/app/app_webdav.go:474.3,474.48 1 0
haya-tab/internal/app/app_webdav.go:474.48,476.4 1 0
haya-tab/internal/app/app_webdav.go:478.3,486.23 2 0
haya-tab/internal/app/app_webdav.go:486.23,488.4 1 0
haya-tab/internal/app/app_webdav.go:491.2,491.12 1 0
haya-tab/internal/app/app_webdav.go:495.40,497.57 2 3
haya-tab/internal/app/app_webdav.go:497.57,499.3 1 2
haya-tab/internal/app/app_webdav.go:501.2,508.19 3 1
haya-tab/internal/app/app_webdav.go:513.39,515.57 2 0
haya-tab/internal/app/app_webdav.go:515.57,517.3 1 0
haya-tab/internal/app/app_webdav.go:519.2,522.28 2 0
haya-tab/internal/app/app_webdav.go:522.28,524.3 1 0
haya-tab/internal/app/app_webdav.go:527.2,527.29 1 0
haya-tab/internal/app/app_webdav.go:531.41,535.56 3 0
haya-tab/internal/app/app_webdav.go:535.56,537.3 1 0
haya-tab/internal/app/app_webdav.go:539.2,541.6 2 0
haya-tab/internal/app/app_webdav.go:541.6,545.58 2 0
haya-tab/internal/app/app_webdav.go:545.58,548.12 3 0
haya-tab/internal/app/app_webdav.go:551.3,554.35 2 0
haya-tab/internal/app/app_webdav.go:554.35,556.14 2 0
haya-tab/internal/app/app_webdav.go:556.14,557.47 1 0
haya-tab/internal/app/app_webdav.go:557.47,559.6 1 0
haya-tab/internal/app/app_webdav.go:559.11,561.6 1 0
haya-tab/internal/app/app_webdav.go:563.9,563.42 1 0
haya-tab/internal/app/app_webdav.go:563.42,565.4 1 0
haya-tab/internal/app/app_webdav.go:567.3,568.28 2 0
haya-tab/internal/app/app_webdav.go:574.68,576.57 2 1
haya-tab/internal/app/app_webdav.go:576.57,578.3 1 0
haya-tab/internal/app/app_webdav.go:580.2,588.16 3 1
haya-tab/internal/app/app_webdav.go:588.16,590.3 1 1
haya-tab/internal/app/app_webdav.go:592.2,592.20 1 0
haya-tab/internal/app/app_webdav.go:592.20,595.3 1 0
haya-tab/internal/app/app_webdav.go:597.2,598.21 2 0
haya-tab/internal/app/app_webdav.go:602.66,604.57 2 0
haya-tab/internal/app/app_webdav.go:604.57,606.3 1 0
haya-tab/internal/app/app_webdav.go:608.2,615.16 3 0
haya-tab/internal/app/app_webdav.go:615.16,617.3 1 0
haya-tab/internal/app/app_webdav.go:619.2,619.23 1 0
haya-tab/internal/app/app_webdav.go:623.46,625.2 1 0
haya-tab/internal/app/app_webdav.go:628.57,630.2 1 0
haya-tab/internal/app/app_webdav.go:633.56,635.2 1 0
haya-tab/internal/app/app_webdav.go:639.40,641.57 2 1
haya-tab/internal/app/app_webdav.go:641.57,644.3 2 0
haya-tab/internal/app/app_webdav.go:646.2,654.54 3 1
haya-tab/internal/app/app_webdav.go:654.54,657.3 1 0
haya-tab/internal/app/app_webdav.go:659.2,672.16 4 1
haya-tab/internal/app/app_webdav.go:672.16,682.3 3 1
haya-tab/internal/app/app_webdav.go:684.2,694.16 5 0
haya-tab/internal/app/app_webdav.go:694.16,697.3 1 0
haya-tab/internal/app/app_webdav.go:697.8,697.30 1 0
haya-tab/internal/app/app_webdav.go:697.30,699.3 1 0
haya-tab/internal/app/app_webdav.go:702.2,702.51 1 0
haya-tab/internal/app/app_webdav.go:702.51,705.3 1 0
haya-tab/internal/app/app_webdav.go:708.2,710.16 3 0
haya-tab/internal/app/app_webdav.go:710.16,713.3 1 0
haya-tab/internal/app/app_webdav.go:713.8,713.27 1 0
haya-tab/internal/app/app_webdav.go:713.27,715.3 1 0
haya-tab/internal/app/app_webdav.go:717.2,717.41 1 0
haya-tab/internal/app/app_webdav.go:717.41,720.3 1 0
haya-tab/internal/app/app_webdav.go:723.2,724.16 2 0
haya-tab/internal/app/app_webdav.go:724.16,734.3 2 0
haya-tab/internal/app/app_webdav.go:734.8,736.39 2 0
haya-tab/internal/app/app_webdav.go:736.39,737.18 1 0
haya-tab/internal/app/app_webdav.go:737.18,739.5 1 0
haya-tab/internal/app/app_webdav.go:741.3,741.27 1 0
haya-tab/internal/app/app_webdav.go:741.27,743.4 1 0
haya-tab/internal/app/app_webdav.go:746.2,752.12 3 0
haya-tab/internal/app/app_webdav.go:757.59,759.16 2 3
haya-tab/internal/app/app_webdav.go:759.16,761.3 1 0
haya-tab/internal/app/app_webdav.go:762.2,762.16 1 3
haya-tab/internal/app/app_webdav.go:762.16,764.3 1 1
haya-tab/internal/app/app_webdav.go:765.2,765.18 1 2
haya-tab/internal/app/app_webdav.go:765.18,767.3 1 1
haya-tab/internal/app/app_webdav.go:769.2,770.29 2 1
haya-tab/internal/app/app_webdav.go:770.29,772.3 1 1
haya-tab/internal/app/app_webdav.go:774.2,785.12 3 0
haya-tab/internal/app/app_webdav.go:785.12,791.17 4 0
haya-tab/internal/app/app_webdav.go:791.17,799.4 3 0
haya-tab/internal/app/app_webdav.go:800.3,804.67 3 0
haya-tab/internal/app/app_webdav.go:804.67,813.4 4 0
haya-tab/internal/app/app_webdav.go:816.3,820.55 4 0
haya-tab/internal/app/app_webdav.go:820.55,829.4 4 0
haya-tab/internal/app/app_webdav.go:830.3,841.41 7 0
haya-tab/internal/app/app_webdav.go:841.41,842.44 1 0
haya-tab/internal/app/app_webdav.go:842.44,844.5 1 0
haya-tab/internal/app/app_webdav.go:846.3,848.49 2 0
haya-tab/internal/app/app_webdav.go:848.49,856.4 3 0
haya-tab/internal/app/app_webdav.go:859.3,859.46 1 0
haya-tab/internal/app/app_webdav.go:859.46,861.4 1 0
haya-tab/internal/app/app_webdav.go:863.3,867.5 1 0
haya-tab/internal/app/app_webdav.go:870.2,870.12 1 0
haya-tab/internal/app/app_webdav.go:874.93,876.57 2 0
haya-tab/internal/app/app_webdav.go:876.57,878.3 1 0
haya-tab/internal/app/app_webdav.go:881.2,881.22 1 0
haya-tab/internal/app/app_webdav.go:881.22,883.3 1 0
haya-tab/internal/app/app_webdav.go:884.2,884.22 1 0
haya-tab/internal/app/app_webdav.go:884.22,886.3 1 0
haya-tab/internal/app/app_webdav.go:888.2,895.42 2 0
haya-tab/internal/app/app_webdav.go:895.42,897.3 1 0
haya-tab/internal/app/app_webdav.go:900.2,902.16 3 0
haya-tab/internal/app/app_webdav.go:902.16,904.3 1 0
haya-tab/internal/app/app_webdav.go:906.2,910.16 3 0
haya-tab/internal/app/app_webdav.go:910.16,912.3 1 0
haya-tab/internal/app/app_webdav.go:914.2,915.20 2 0
haya-tab/internal/app/app_webdav.go:920.72,926.21 3 13
haya-tab/internal/app/app_webdav.go:926.21,929.3 2 9
haya-tab/internal/app/app_webdav.go:929.8,932.3 2 4
haya-tab/internal/app/app_webdav.go:934.2,934.22 1 13
haya-tab/internal/app/app_webdav_helpers.go:12.63,16.31 3 0
haya-tab/internal/app/app_webdav_helpers.go:16.31,18.58 2 0
haya-tab/internal/app/app_webdav_helpers.go:18.58,20.4 1 0
haya-tab/internal/app/app_webdav_helpers.go:22.3,30.96 3 0
haya-tab/internal/app/app_webdav_helpers.go:33.2,33.27 1 0
haya-tab/internal/app/app_webdav_helpers.go:37.68,39.57 2 0
haya-tab/internal/app/app_webdav_helpers.go:39.57,41.3 1 0
haya-tab/internal/app/app_webdav_helpers.go:44.2,45.33 2 0
haya-tab/internal/app/app_webdav_helpers.go:45.33,48.3 2 0
haya-tab/internal/app/app_webdav_helpers.go:50.2,58.16 3 0
haya-tab/internal/app/app_webdav_helpers.go:58.16,61.3 2 0
haya-tab/internal/app/app_webdav_helpers.go:64.2,66.41 3 0
haya-tab/internal/app/app_webdav_helpers.go:66.41,67.40 1 0
haya-tab/internal/app/app_webdav_helpers.go:67.40,69.4 1 0
haya-tab/internal/app/app_webdav_helpers.go:69.9,71.4 1 0
haya-tab/internal/app/app_webdav_helpers.go:74.2,74.14 1 0
haya-tab/internal/app/app_webdav_helpers.go:74.14,77.3 2 0
haya-tab/internal/app/app_webdav_helpers.go:79.2,82.86 2 0
haya-tab/internal/app/app_webdav_helpers.go:82.86,85.3 2 0
haya-tab/internal/app/app_webdav_helpers.go:87.2,87.87 1 0
haya-tab/internal/app/app_webdav_helpers.go:91.83,93.57 2 0
haya-tab/internal/app/app_webdav_helpers.go:93.57,95.3 1 0
haya-tab/internal/app/app_webdav_helpers.go:97.2,97.29 1 0
haya-tab/internal/app/app_webdav_helpers.go:97.29,99.3 1 0
haya-tab/internal/app/app_webdav_helpers.go:102.2,103.33 2 0
haya-tab/internal/app/app_webdav_helpers.go:103.33,106.3 2 0
haya-tab/internal/app/app_webdav_helpers.go:108.2,116.34 3 0
haya-tab/internal/app/app_webdav_helpers.go:116.34,118.36 2 0
haya-tab/internal/app/app_webdav_helpers.go:118.36,120.4 1 0
haya-tab/internal/app/app_webdav_helpers.go:121.3,121.35 1 0
haya-tab/internal/app/app_webdav_helpers.go:125.2,126.52 2 0
haya-tab/internal/app/app_webdav_helpers.go:126.52,129.17 2 0
haya-tab/internal/app/app_webdav_helpers.go:129.17,131.12 2 0
haya-tab/internal/app/app_webdav_helpers.go:135.3,137.37 3 0
haya-tab/internal/app/app_webdav_helpers.go:137.37,138.41 1 0
haya-tab/internal/app/app_webdav_helpers.go:138.41,140.5 1 0
haya-tab/internal/app/app_webdav_helpers.go:140.10,142.5 1 0
haya-tab/internal/app/app_webdav_helpers.go:145.3,145.30 1 0
haya-tab/internal/app/app_webdav_helpers.go:145.30,146.12 1 0
haya-tab/internal/app/app_webdav_helpers.go:149.3,152.81 2 0
haya-tab/internal/app/app_webdav_helpers.go:152.81,154.12 2 0
haya-tab/internal/app/app_webdav_helpers.go:157.3,157.37 1 0
haya-tab/internal/app/app_webdav_helpers.go:160.2,160.23 1 0
haya-tab/internal/app/app_webdav_helpers.go:160.23,163.3 2 0
haya-tab/internal/app/app_webdav_helpers.go:165.2,165.93 1 0
haya-tab/internal/app/app_webdav_helpers.go:170.72,172.57 2 0
haya-tab/internal/app/app_webdav_helpers.go:172.57,174.3 1 0
haya-tab/internal/app/app_webdav_helpers.go:176.2,176.20 1 0
haya-tab/internal/app/app_webdav_helpers.go:176.20,178.3 1 0
haya-tab/internal/app/app_webdav_helpers.go:181.2,182.33 2 0
haya-tab/internal/app/app_webdav_helpers.go:182.33,185.3 2 0
haya-tab/internal/app/app_webdav_helpers.go:188.2,189.18 2 0
haya-tab/internal/app/app_webdav_helpers.go:189.18,192.3 2 0
haya-tab/internal/app/app_webdav_helpers.go:195.2,196.27 2 0
haya-tab/internal/app/app_webdav_helpers.go:196.27,199.17 2 0
haya-tab/internal/app/app_webdav_helpers.go:199.17,202.4 2 0
haya-tab/internal/app/app_webdav_helpers.go:205.3,206.25 2 0
haya-tab/internal/app/app_webdav_helpers.go:206.25,207.19 1 0
haya-tab/internal/app/app_webdav_helpers.go:207.19,209.5 1 0
haya-tab/internal/app/app_webdav_helpers.go:209.10,213.13 2 0
haya-tab/internal/app/app_webdav_helpers.go:217.3,227.36 2 0
haya-tab/internal/app/app_webdav_helpers.go:231.2,231.71 1 0
haya-tab/internal/app/app_webdav_helpers.go:231.71,234.3 2 0
haya-tab/internal/app/app_webdav_helpers.go:236.2,236.124 1 0
haya-tab/internal/app/disk_windows.go:11.52,13.16 2 3
haya-tab/internal/app/disk_windows.go:13.16,15.3 1 0
haya-tab/internal/app/disk_windows.go:16.2,17.16 2 3
haya-tab/internal/app/disk_windows.go:17.16,19.3 1 0
haya-tab/internal/app/disk_windows.go:21.2,26.16 5 3
haya-tab/internal/app/disk_windows.go:26.16,28.3 1 0
haya-tab/internal/app/disk_windows.go:30.2,37.14 2 3
haya-tab/internal/app/disk_windows.go:37.14,39.3 1 0
haya-tab/internal/app/disk_windows.go:41.2,41.32 1 3
haya-tab/internal/app/plugin_manager.go:58.61,66.2 1 0
haya-tab/internal/app/plugin_manager.go:68.56,70.54 2 0
haya-tab/internal/app/plugin_manager.go:70.54,72.3 1 0
haya-tab/internal/app/plugin_manager.go:74.2,75.16 2 0
haya-tab/internal/app/plugin_manager.go:75.16,77.3 1 0
haya-tab/internal/app/plugin_manager.go:79.2,79.32 1 0
haya-tab/internal/app/plugin_manager.go:79.32,80.21 1 0
haya-tab/internal/app/plugin_manager.go:80.21,81.12 1 0
haya-tab/internal/app/plugin_manager.go:84.3,85.27 2 0
haya-tab/internal/app/plugin_manager.go:88.2,88.12 1 0
haya-tab/internal/app/plugin_manager.go:94.41,96.31 2 0
haya-tab/internal/app/plugin_manager.go:96.31,97.18 1 0
haya-tab/internal/app/plugin_manager.go:97.18,98.12 1 0
haya-tab/internal/app/plugin_manager.go:101.3,101.41 1 0
haya-tab/internal/app/plugin_manager.go:114.79,117.16 3 0
haya-tab/internal/app/plugin_manager.go:117.16,120.3 1 0
haya-tab/internal/app/plugin_manager.go:121.2,122.51 2 0
haya-tab/internal/app/plugin_manager.go:122.51,125.3 2 0
haya-tab/internal/app/plugin_manager.go:126.2,126.12 1 0
haya-tab/internal/app/plugin_manager.go:129.55,132.16 3 0
haya-tab/internal/app/plugin_manager.go:132.16,135.3 2 0
haya-tab/internal/app/plugin_manager.go:137.2,138.56 2 0
haya-tab/internal/app/plugin_manager.go:138.56,141.3 2 0
haya-tab/internal/app/plugin_manager.go:143.2,145.16 3 0
haya-tab/internal/app/plugin_manager.go:145.16,148.3 2 0
haya-tab/internal/app/plugin_manager.go:150.2,153.33 2 0
haya-tab/internal/app/plugin_manager.go:153.33,155.3 1 0
haya-tab/internal/app/plugin_manager.go:158.2,158.46 1 0
haya-tab/internal/app/plugin_manager.go:158.46,160.17 2 0
haya-tab/internal/app/plugin_manager.go:160.17,163.4 2 0
haya-tab/internal/app/plugin_manager.go:164.3,166.34 3 0
haya-tab/internal/app/plugin_manager.go:182.2,182.80 1 0
haya-tab/internal/app/plugin_manager.go:182.80,184.19 2 0
haya-tab/internal/app/plugin_manager.go:184.19,186.4 1 0
haya-tab/internal/app/plugin_manager.go:187.3,188.23 2 0
haya-tab/internal/app/plugin_manager.go:188.23,194.4 1 0
haya-tab/internal/app/plugin_manager.go:196.3,199.68 3 0
haya-tab/internal/app/plugin_manager.go:199.68,201.33 2 0
haya-tab/internal/app/plugin_manager.go:201.33,202.33 1 0
haya-tab/internal/app/plugin_manager.go:202.33,204.6 1 0
haya-tab/internal/app/plugin_manager.go:208.3,209.17 2 0
haya-tab/internal/app/plugin_manager.go:209.17,216.4 2 0
haya-tab/internal/app/plugin_manager.go:217.3,217.29 1 0
haya-tab/internal/app/plugin_manager.go:217.29,219.4 1 0
haya-tab/internal/app/plugin_manager.go:221.3,222.17 2 0
haya-tab/internal/app/plugin_manager.go:222.17,229.4 2 0
haya-tab/internal/app/plugin_manager.go:230.3,236.4 3 0
haya-tab/internal/app/plugin_manager.go:240.2,242.55 3 0
haya-tab/internal/app/plugin_manager.go:242.55,244.3 1 0
haya-tab/internal/app/plugin_manager.go:246.2,252.16 4 0
haya-tab/internal/app/plugin_manager.go:252.16,255.3 2 0
haya-tab/internal/app/plugin_manager.go:257.2,258.16 2 0
haya-tab/internal/app/plugin_manager.go:258.16,261.3 2 0
haya-tab/internal/app/plugin_manager.go:263.2,270.75 2 0
haya-tab/internal/app/plugin_manager.go:273.52,278.31 4 0
haya-tab/internal/app/plugin_manager.go:278.31,287.3 1 0
haya-tab/internal/app/plugin_manager.go:288.2,288.14 1 0
haya-tab/internal/app/plugin_manager.go:291.44,295.2 3 0
haya-tab/internal/app/plugin_manager.go:297.102,302.28 4 0
haya-tab/internal/app/plugin_manager.go:302.28,303.38 1 0
haya-tab/internal/app/plugin_manager.go:303.38,305.9 2 0
haya-tab/internal/app/plugin_manager.go:309.2,309.25 1 0
haya-tab/internal/app/plugin_manager.go:309.25,311.3 1 0
haya-tab/internal/app/plugin_manager.go:313.2,314.19 2 0
haya-tab/internal/app/plugin_manager.go:314.19,316.3 1 0
haya-tab/internal/app/plugin_manager.go:316.8,318.3 1 0
haya-tab/internal/app/plugin_manager.go:321.2,322.40 2 0
haya-tab/internal/app/plugin_manager.go:322.40,324.3 1 0
haya-tab/internal/app/plugin_manager.go:325.2,325.13 1 0
haya-tab/internal/app/plugin_manager.go:325.13,327.3 1 0
haya-tab/internal/app/plugin_manager.go:327.8,329.3 1 0
haya-tab/internal/app/plugin_manager.go:331.2,333.16 3 0
haya-tab/internal/app/plugin_manager.go:333.16,335.3 1 0
haya-tab/internal/app/plugin_manager.go:337.2,337.58 1 0
haya-tab/internal/app/plugin_manager.go:337.58,339.3 1 0
haya-tab/internal/app/plugin_manager.go:342.2,342.28 1 0
haya-tab/internal/app/plugin_manager.go:342.28,344.3 1 0
haya-tab/internal/app/plugin_manager.go:346.2,346.12 1 0
haya-tab/internal/app/plugin_manager.go:349.58,353.31 3 0
haya-tab/internal/app/plugin_manager.go:353.31,354.17 1 0
haya-tab/internal/app/plugin_manager.go:354.17,355.12 1 0
haya-tab/internal/app/plugin_manager.go:359.3,360.38 2 0
haya-tab/internal/app/plugin_manager.go:360.38,361.23 1 0
haya-tab/internal/app/plugin_manager.go:361.23,363.10 2 0
haya-tab/internal/app/plugin_manager.go:366.3,366.15 1 0
haya-tab/internal/app/plugin_manager.go:366.15,367.12 1 0
haya-tab/internal/app/plugin_manager.go:370.3,371.56 2 0
haya-tab/internal/app/plugin_manager.go:371.56,372.12 1 0
haya-tab/internal/app/plugin_manager.go:374.3,377.70 3 0
haya-tab/internal/app/plugin_manager.go:377.70,378.12 1 0
haya-tab/internal/app/plugin_manager.go:381.3,382.10 2 0
haya-tab/internal/app/plugin_manager.go:382.10,384.12 2 0
haya-tab/internal/app/plugin_manager.go:388.3,395.17 6 0
haya-tab/internal/app/plugin_manager.go:395.17,397.12 2 0
haya-tab/internal/app/plugin_manager.go:401.3,402.59 2 0
haya-tab/internal/app/plugin_manager.go:402.59,406.4 2 0
haya-tab/internal/app/plugin_manager.go:410.99,416.28 5 0
haya-tab/internal/app/plugin_manager.go:416.28,417.17 1 0
haya-tab/internal/app/plugin_manager.go:417.17,418.12 1 0
haya-tab/internal/app/plugin_manager.go:421.3,422.38 2 0
haya-tab/internal/app/plugin_manager.go:422.38,423.20 1 0
haya-tab/internal/app/plugin_manager.go:423.20,425.10 2 0
haya-tab/internal/app/plugin_manager.go:428.3,428.15 1 0
haya-tab/internal/app/plugin_manager.go:428.15,429.12 1 0
haya-tab/internal/app/plugin_manager.go:432.3,433.56 2 0
haya-tab/internal/app/plugin_manager.go:433.56,434.12 1 0
haya-tab/internal/app/plugin_manager.go:436.3,439.62 3 0
haya-tab/internal/app/plugin_manager.go:439.62,440.12 1 0
haya-tab/internal/app/plugin_manager.go:443.3,444.10 2 0
haya-tab/internal/app/plugin_manager.go:444.10,446.12 2 0
haya-tab/internal/app/plugin_manager.go:449.3,450.17 2 0
haya-tab/internal/app/plugin_manager.go:450.17,452.12 2 0
haya-tab/internal/app/plugin_manager.go:455.3,455.62 1 0
haya-tab/internal/app/plugin_manager.go:455.62,456.12 1 0
haya-tab/internal/app/plugin_manager.go:459.3,460.19 2 0
haya-tab/internal/app/plugin_manager.go:460.19,464.18 3 0
haya-tab/internal/app/plugin_manager.go:464.18,466.5 1 0
haya-tab/internal/app/plugin_manager.go:467.4,467.99 1 0
haya-tab/internal/app/plugin_manager.go:472.2,472.77 1 0
haya-tab/internal/app/plugin_manager.go:475.69,477.16 2 0
haya-tab/internal/app/plugin_manager.go:477.16,479.3 1 0
haya-tab/internal/app/plugin_manager.go:481.2,484.16 3 0
haya-tab/internal/app/plugin_manager.go:484.16,486.3 1 0
haya-tab/internal/app/plugin_manager.go:487.2,489.38 2 0
haya-tab/internal/app/plugin_manager.go:489.38,491.3 1 0
haya-tab/internal/app/plugin_manager.go:493.2,494.16 2 0
haya-tab/internal/app/plugin_manager.go:494.16,496.3 1 0
haya-tab/internal/app/plugin_manager.go:497.2,500.12 3 0
haya-tab/internal/app/server.go:16.46,18.16 2 0
haya-tab/internal/app/server.go:18.16,20.3 1 0
haya-tab/internal/app/server.go:21.2,29.12 6 0
haya-tab/internal/app/server.go:29.12,30.51 1 0
haya-tab/internal/app/server.go:30.51,32.4 1 0
haya-tab/internal/app/server.go:35.2,35.18 1 0
haya-tab/internal/app/server.go:44.44,46.2 1 0
haya-tab/internal/app/server.go:49.73,57.27 5 0
haya-tab/internal/app/server.go:57.27,60.3 2 0
haya-tab/internal/app/server.go:62.2,64.38 2 0
haya-tab/internal/app/server.go:64.38,66.3 1 0
haya-tab/internal/app/server.go:69.2,69.43 1 0
haya-tab/internal/app/server.go:69.43,72.3 2 0
haya-tab/internal/app/server.go:75.2,75.44 1 0
haya-tab/internal/app/server.go:75.44,78.47 2 0
haya-tab/internal/app/server.go:78.47,80.4 1 0
haya-tab/internal/app/server.go:81.3,82.9 2 0
haya-tab/internal/app/server.go:86.2,86.51 1 0
haya-tab/internal/app/server.go:86.51,89.47 2 0
haya-tab/internal/app/server.go:89.47,91.4 1 0
haya-tab/internal/app/server.go:92.3,93.9 2 0
haya-tab/internal/app/server.go:97.2,97.21 1 0
haya-tab/internal/app/server.go:100.87,102.40 2 0
haya-tab/internal/app/server.go:102.40,106.3 3 0
haya-tab/internal/app/server.go:108.2,109.16 2 0
haya-tab/internal/app/server.go:109.16,113.3 3 0
haya-tab/internal/app/server.go:114.2,114.16 1 0
haya-tab/internal/app/server.go:114.16,118.3 3 0
haya-tab/internal/app/server.go:121.2,121.17 1 0
haya-tab/internal/app/server.go:121.17,125.3 3 0
haya-tab/internal/app/server.go:127.2,131.53 3 0
haya-tab/internal/app/server.go:131.53,135.3 3 0
haya-tab/internal/app/server.go:138.2,139.16 2 0
haya-tab/internal/app/server.go:139.16,143.3 3 0
haya-tab/internal/app/server.go:144.2,148.16 3 0
haya-tab/internal/app/server.go:148.16,152.3 3 0
haya-tab/internal/app/server.go:155.2,157.13 3 0
haya-tab/internal/app/server.go:158.14,159.34 1 0
haya-tab/internal/app/server.go:160.45,161.43 1 0
haya-tab/internal/app/server.go:162.27,163.57 1 0
haya-tab/internal/app/server.go:164.14,165.53 1 0
haya-tab/internal/app/server.go:169.2,175.18 5 0
haya-tab/internal/app/server.go:178.89,180.40 2 0
haya-tab/internal/app/server.go:180.40,184.3 3 0
haya-tab/internal/app/server.go:186.2,187.30 2 0
haya-tab/internal/app/server.go:187.30,191.3 3 0
haya-tab/internal/app/server.go:193.2,193.25 1 0
haya-tab/internal/app/server.go:193.25,197.3 3 0
haya-tab/internal/app/server.go:199.2,203.58 3 0
haya-tab/internal/app/server.go:203.58,207.3 3 0
haya-tab/internal/app/server.go:210.2,211.16 2 0
haya-tab/internal/app/server.go:211.16,215.3 3 0
haya-tab/internal/app/server.go:216.2,220.16 3 0
haya-tab/internal/app/server.go:220.16,223.3 2 0
haya-tab/internal/app/server.go:226.2,228.13 3 0
haya-tab/internal/app/server.go:229.14,230.28 1 0
haya-tab/internal/app/server.go:231.15,232.29 1 0
haya-tab/internal/app/server.go:233.14,234.28 1 0
haya-tab/internal/app/server.go:238.2,243.18 4 0
haya-tab/internal/app/server.go:246.89,248.40 2 0
haya-tab/internal/app/server.go:248.40,252.3 3 0
haya-tab/internal/app/server.go:254.2,255.16 2 0
haya-tab/internal/app/server.go:255.16,259.3 3 0
haya-tab/internal/app/server.go:260.2,260.16 1 0
haya-tab/internal/app/server.go:260.16,264.3 3 0
haya-tab/internal/app/server.go:267.2,270.18 2 0
haya-tab/internal/app/server.go:270.18,274.3 3 0
haya-tab/internal/app/server.go:277.2,278.57 2 0
haya-tab/internal/app/server.go:278.57,282.3 3 0
haya-tab/internal/app/server.go:285.2,290.16 4 0
haya-tab/internal/app/server.go:290.16,294.3 3 0
haya-tab/internal/app/server.go:296.2,301.16 4 0
haya-tab/internal/app/server.go:301.16,304.3 1 0
haya-tab/internal/app/server.go:304.8,306.3 1 0
haya-tab/internal/app/server.go:309.2,313.16 3 0
haya-tab/internal/app/server.go:313.16,316.96 3 0
haya-tab/internal/app/server.go:316.96,319.4 2 0
haya-tab/internal/app/server.go:320.3,320.96 1 0
haya-tab/internal/app/server.go:320.96,323.4 2 0
haya-tab/internal/app/server.go:324.3,325.9 2 0
haya-tab/internal/app/server.go:327.2,332.13 4 0
haya-tab/internal/app/server.go:333.14,334.34 1 0
haya-tab/internal/app/server.go:335.45,336.43 1 0
haya-tab/internal/app/server.go:337.27,338.57 1 0
haya-tab/internal/app/server.go:339.14,340.53 1 0
haya-tab/internal/app/server.go:344.2,349.18 5 0
haya-tab/internal/app/server.go:349.18,351.3 1 0
haya-tab/internal/app/server.go:354.2,358.12 4 0
haya-tab/internal/app/server.go:358.12,361.3 2 0
haya-tab/internal/app/server.go:363.2,363.9 1 0
haya-tab/internal/app/server.go:364.20,368.9 3 0
haya-tab/internal/app/server.go:369.14,370.21 1 0
haya-tab/internal/app/server.go:370.21,373.4 2 0
haya-tab/internal/app/server.go:374.3,374.75 1 0
haya-tab/pkg/worker/mb_worker.go:41.65,49.2 1 13
haya-tab/pkg/worker/mb_worker.go:52.28,54.15 2 9
haya-tab/pkg/worker/mb_worker.go:54.15,57.3 2 2
haya-tab/pkg/worker/mb_worker.go:58.2,64.21 5 7
haya-tab/pkg/worker/mb_worker.go:64.21,66.3 1 6
haya-tab/pkg/worker/mb_worker.go:70.27,72.16 2 9
haya-tab/pkg/worker/mb_worker.go:72.16,75.3 2 2
haya-tab/pkg/worker/mb_worker.go:76.2,82.21 5 7
haya-tab/pkg/worker/mb_worker.go:82.21,84.3 1 6
haya-tab/pkg/worker/mb_worker.go:88.38,93.14 4 10
haya-tab/pkg/worker/mb_worker.go:93.14,95.3 1 1
haya-tab/pkg/worker/mb_worker.go:97.2,97.9 1 9
haya-tab/pkg/worker/mb_worker.go:98.25,98.25 0 9
haya-tab/pkg/worker/mb_worker.go:100.10,102.22 1 0
haya-tab/pkg/worker/mb_worker.go:102.22,104.4 1 0
haya-tab/pkg/worker/mb_worker.go:109.36,111.2 1 5
haya-tab/pkg/worker/mb_worker.go:114.26,122.6 4 7
haya-tab/pkg/worker/mb_worker.go:122.6,123.10 1 7
haya-tab/pkg/worker/mb_worker.go:124.17,125.10 1 7
haya-tab/pkg/worker/mb_worker.go:126.19,128.11 1 0
haya-tab/pkg/worker/mb_worker.go:129.29,130.22 1 0
haya-tab/pkg/worker/mb_worker.go:131.12,131.12 0 0
haya-tab/pkg/worker/mb_worker.go:139.42,140.26 1 4
haya-tab/pkg/worker/mb_worker.go:140.26,142.3 1 1
haya-tab/pkg/worker/mb_worker.go:144.2,145.16 2 3
haya-tab/pkg/worker/mb_worker.go:145.16,146.22 1 1
haya-tab/pkg/worker/mb_worker.go:146.22,148.4 1 1
haya-tab/pkg/worker/mb_worker.go:149.3,149.9 1 1
haya-tab/pkg/worker/mb_worker.go:152.2,152.19 1 2
haya-tab/pkg/worker/mb_worker.go:152.19,154.3 1 0
haya-tab/pkg/worker/mb_worker.go:157.2,157.75 1 2
haya-tab/pkg/worker/mb_worker.go:157.75,158.22 1 0
haya-tab/pkg/worker/mb_worker.go:158.22,160.4 1 0
haya-tab/pkg/worker/mb_worker.go:161.3,161.9 1 0
haya-tab/pkg/worker/mb_worker.go:165.2,166.30 2 2
haya-tab/pkg/worker/mb_worker.go:166.30,167.22 1 1
haya-tab/pkg/worker/mb_worker.go:167.22,169.4 1 1
haya-tab/pkg/worker/mb_worker.go:170.3,170.9 1 1
haya-tab/pkg/worker/mb_worker.go:173.2,174.71 2 1
haya-tab/pkg/worker/mb_worker.go:174.71,175.22 1 0
haya-tab/pkg/worker/mb_worker.go:175.22,177.4 1 0
haya-tab/pkg/worker/mb_worker.go:178.3,178.9 1 0
haya-tab/pkg/worker/mb_worker.go:181.2,181.21 1 1
haya-tab/pkg/worker/mb_worker.go:181.21,183.3 1 1
